CurveName,Tenor,Date,Amount
CHF-LIBOR-BBA,12M,2015-03-02,-0.00630440
CHF-LIBOR-BBA,12M,2015-03-03,-0.00618050
CHF-LIBOR-BBA,12M,2015-03-04,-0.00606850
CHF-LIBOR-BBA,12M,2015-03-05,-0.00574890
CHF-LIBOR-BBA,12M,2015-03-06,-0.00545760
CHF-LIBOR-BBA,12M,2015-03-09,-0.00559130
CHF-LIBOR-BBA,12M,2015-03-10,-0.00574510
CHF-LIBOR-BBA,12M,2015-03-11,-0.00596290
CHF-LIBOR-BBA,12M,2015-03-12,-0.00619210
CHF-LIBOR-BBA,12M,2015-03-13,-0.00604050
CHF-LIBOR-BBA,12M,2015-03-16,-0.00603430
CHF-LIBOR-BBA,12M,2015-03-17,-0.00611510
CHF-LIBOR-BBA,12M,2015-03-18,-0.00603060
CHF-LIBOR-BBA,12M,2015-03-19,-0.00595160
CHF-LIBOR-BBA,12M,2015-03-20,-0.00583040
CHF-LIBOR-BBA,12M,2015-03-23,-0.00592490
CHF-LIBOR-BBA,12M,2015-03-24,-0.00596350
CHF-LIBOR-BBA,12M,2015-03-25,-0.00604920
CHF-LIBOR-BBA,12M,2015-03-26,-0.00604230
CHF-LIBOR-BBA,12M,2015-03-27,-0.00601190
CHF-LIBOR-BBA,12M,2015-03-30,-0.00604130
CHF-LIBOR-BBA,12M,2015-03-31,-0.00608020
CHF-LIBOR-BBA,12M,2015-04-01,-0.00608410
CHF-LIBOR-BBA,12M,2015-04-02,-0.00612020
CHF-LIBOR-BBA,12M,2015-04-03,-0.00610670
CHF-LIBOR-BBA,12M,2015-04-06,-0.00610910
CHF-LIBOR-BBA,12M,2015-04-07,-0.00612490
CHF-LIBOR-BBA,12M,2015-04-08,-0.00608150
CHF-LIBOR-BBA,12M,2015-04-09,-0.00605390
CHF-LIBOR-BBA,12M,2015-04-10,-0.00606510
CHF-LIBOR-BBA,12M,2015-04-13,-0.00605780
CHF-LIBOR-BBA,12M,2015-04-14,-0.00615510
CHF-LIBOR-BBA,12M,2015-04-15,-0.00616030
CHF-LIBOR-BBA,12M,2015-04-16,-0.00617800
CHF-LIBOR-BBA,12M,2015-04-17,-0.00617060
CHF-LIBOR-BBA,12M,2015-04-20,-0.00630870
CHF-LIBOR-BBA,12M,2015-04-21,-0.00637150
CHF-LIBOR-BBA,12M,2015-04-22,-0.00636660
CHF-LIBOR-BBA,12M,2015-04-23,-0.00632870
CHF-LIBOR-BBA,12M,2015-04-24,-0.00621750
CHF-LIBOR-BBA,12M,2015-04-27,-0.00621460
CHF-LIBOR-BBA,12M,2015-04-28,-0.00617570
CHF-LIBOR-BBA,12M,2015-04-29,-0.00601790
CHF-LIBOR-BBA,12M,2015-04-30,-0.00585390
CHF-LIBOR-BBA,12M,2015-05-01,-0.00588380
CHF-LIBOR-BBA,12M,2015-05-04,-0.00588070
CHF-LIBOR-BBA,12M,2015-05-05,-0.00590150
CHF-LIBOR-BBA,12M,2015-05-06,-0.00585760
CHF-LIBOR-BBA,12M,2015-05-07,-0.00575660
CHF-LIBOR-BBA,12M,2015-05-08,-0.00584170
CHF-LIBOR-BBA,12M,2015-05-11,-0.00583040
CHF-LIBOR-BBA,12M,2015-05-12,-0.00582980
CHF-LIBOR-BBA,12M,2015-05-13,-0.00582200
CHF-LIBOR-BBA,12M,2015-05-14,-0.00576520
CHF-LIBOR-BBA,12M,2015-05-15,-0.00582290
CHF-LIBOR-BBA,12M,2015-05-18,-0.00581800
CHF-LIBOR-BBA,12M,2015-05-19,-0.00586350
CHF-LIBOR-BBA,12M,2015-05-20,-0.00581890
CHF-LIBOR-BBA,12M,2015-05-21,-0.00582700
CHF-LIBOR-BBA,12M,2015-05-22,-0.00586680
CHF-LIBOR-BBA,12M,2015-05-25,-0.00586640
CHF-LIBOR-BBA,12M,2015-05-26,-0.00593940
CHF-LIBOR-BBA,12M,2015-05-27,-0.00595490
CHF-LIBOR-BBA,12M,2015-05-28,-0.00595120
CHF-LIBOR-BBA,12M,2015-05-29,-0.00593960
CHF-LIBOR-BBA,12M,2015-06-01,-0.00604710
CHF-LIBOR-BBA,12M,2015-06-02,-0.00607220
CHF-LIBOR-BBA,12M,2015-06-03,-0.00600180
CHF-LIBOR-BBA,1M,2015-03-02,-0.00878430
CHF-LIBOR-BBA,1M,2015-03-03,-0.00867060
CHF-LIBOR-BBA,1M,2015-03-04,-0.00860670
CHF-LIBOR-BBA,1M,2015-03-05,-0.00830430
CHF-LIBOR-BBA,1M,2015-03-06,-0.00803860
CHF-LIBOR-BBA,1M,2015-03-09,-0.00816010
CHF-LIBOR-BBA,1M,2015-03-10,-0.00827430
CHF-LIBOR-BBA,1M,2015-03-11,-0.00835580
CHF-LIBOR-BBA,1M,2015-03-12,-0.00848150
CHF-LIBOR-BBA,1M,2015-03-13,-0.00846790
CHF-LIBOR-BBA,1M,2015-03-16,-0.00840650
CHF-LIBOR-BBA,1M,2015-03-17,-0.00843110
CHF-LIBOR-BBA,1M,2015-03-18,-0.00841420
CHF-LIBOR-BBA,1M,2015-03-19,-0.00834320
CHF-LIBOR-BBA,1M,2015-03-20,-0.00831640
CHF-LIBOR-BBA,1M,2015-03-23,-0.00831910
CHF-LIBOR-BBA,1M,2015-03-24,-0.00831390
CHF-LIBOR-BBA,1M,2015-03-25,-0.00838100
CHF-LIBOR-BBA,1M,2015-03-26,-0.00840280
CHF-LIBOR-BBA,1M,2015-03-27,-0.00847050
CHF-LIBOR-BBA,1M,2015-03-30,-0.00852270
CHF-LIBOR-BBA,1M,2015-03-31,-0.00851040
CHF-LIBOR-BBA,1M,2015-04-01,-0.00851370
CHF-LIBOR-BBA,1M,2015-04-02,-0.00850670
CHF-LIBOR-BBA,1M,2015-04-03,-0.00851470
CHF-LIBOR-BBA,1M,2015-04-06,-0.00850050
CHF-LIBOR-BBA,1M,2015-04-07,-0.00853950
CHF-LIBOR-BBA,1M,2015-04-08,-0.00849000
CHF-LIBOR-BBA,1M,2015-04-09,-0.00843360
CHF-LIBOR-BBA,1M,2015-04-10,-0.00842070
CHF-LIBOR-BBA,1M,2015-04-13,-0.00843980
CHF-LIBOR-BBA,1M,2015-04-14,-0.00841640
CHF-LIBOR-BBA,1M,2015-04-15,-0.00842170
CHF-LIBOR-BBA,1M,2015-04-16,-0.00848160
CHF-LIBOR-BBA,1M,2015-04-17,-0.00852540
CHF-LIBOR-BBA,1M,2015-04-20,-0.00860970
CHF-LIBOR-BBA,1M,2015-04-21,-0.00862340
CHF-LIBOR-BBA,1M,2015-04-22,-0.00857240
CHF-LIBOR-BBA,1M,2015-04-23,-0.00858150
CHF-LIBOR-BBA,1M,2015-04-24,-0.00843990
CHF-LIBOR-BBA,1M,2015-04-27,-0.00836540
CHF-LIBOR-BBA,1M,2015-04-28,-0.00834770
CHF-LIBOR-BBA,1M,2015-04-29,-0.00820580
CHF-LIBOR-BBA,1M,2015-04-30,-0.00815720
CHF-LIBOR-BBA,1M,2015-05-01,-0.00817060
CHF-LIBOR-BBA,1M,2015-05-04,-0.00817170
CHF-LIBOR-BBA,1M,2015-05-05,-0.00817290
CHF-LIBOR-BBA,1M,2015-05-06,-0.00817370
CHF-LIBOR-BBA,1M,2015-05-07,-0.00817810
CHF-LIBOR-BBA,1M,2015-05-08,-0.00817170
CHF-LIBOR-BBA,1M,2015-05-11,-0.00815360
CHF-LIBOR-BBA,1M,2015-05-12,-0.00819160
CHF-LIBOR-BBA,1M,2015-05-13,-0.00818550
CHF-LIBOR-BBA,1M,2015-05-14,-0.00819320
CHF-LIBOR-BBA,1M,2015-05-15,-0.00819960
CHF-LIBOR-BBA,1M,2015-05-18,-0.00819130
CHF-LIBOR-BBA,1M,2015-05-19,-0.00817740
CHF-LIBOR-BBA,1M,2015-05-20,-0.00815430
CHF-LIBOR-BBA,1M,2015-05-21,-0.00815800
CHF-LIBOR-BBA,1M,2015-05-22,-0.00815310
CHF-LIBOR-BBA,1M,2015-05-25,-0.00816440
CHF-LIBOR-BBA,1M,2015-05-26,-0.00817710
CHF-LIBOR-BBA,1M,2015-05-27,-0.00818360
CHF-LIBOR-BBA,1M,2015-05-28,-0.00820450
CHF-LIBOR-BBA,1M,2015-05-29,-0.00820020
CHF-LIBOR-BBA,1M,2015-06-01,-0.00824510
CHF-LIBOR-BBA,1M,2015-06-02,-0.00824210
CHF-LIBOR-BBA,1M,2015-06-03,-0.00824960
CHF-LIBOR-BBA,1W,2015-03-02,-0.00869170
CHF-LIBOR-BBA,1W,2015-03-03,-0.00851350
CHF-LIBOR-BBA,1W,2015-03-04,-0.00857410
CHF-LIBOR-BBA,1W,2015-03-05,-0.00847700
CHF-LIBOR-BBA,1W,2015-03-06,-0.00837340
CHF-LIBOR-BBA,1W,2015-03-09,-0.00845580
CHF-LIBOR-BBA,1W,2015-03-10,-0.00845550
CHF-LIBOR-BBA,1W,2015-03-11,-0.00843620
CHF-LIBOR-BBA,1W,2015-03-12,-0.00847180
CHF-LIBOR-BBA,1W,2015-03-13,-0.00843740
CHF-LIBOR-BBA,1W,2015-03-16,-0.00842830
CHF-LIBOR-BBA,1W,2015-03-17,-0.00841090
CHF-LIBOR-BBA,1W,2015-03-18,-0.00840040
CHF-LIBOR-BBA,1W,2015-03-19,-0.00838720
CHF-LIBOR-BBA,1W,2015-03-20,-0.00841670
CHF-LIBOR-BBA,1W,2015-03-23,-0.00849800
CHF-LIBOR-BBA,1W,2015-03-24,-0.00851000
CHF-LIBOR-BBA,1W,2015-03-25,-0.00855170
CHF-LIBOR-BBA,1W,2015-03-26,-0.00861690
CHF-LIBOR-BBA,1W,2015-03-27,-0.00864500
CHF-LIBOR-BBA,1W,2015-03-30,-0.00854600
CHF-LIBOR-BBA,1W,2015-03-31,-0.00847580
CHF-LIBOR-BBA,1W,2015-04-01,-0.00850030
CHF-LIBOR-BBA,1W,2015-04-02,-0.00848120
CHF-LIBOR-BBA,1W,2015-04-03,-0.00849430
CHF-LIBOR-BBA,1W,2015-04-06,-0.00849800
CHF-LIBOR-BBA,1W,2015-04-07,-0.00849900
CHF-LIBOR-BBA,1W,2015-04-08,-0.00827420
CHF-LIBOR-BBA,1W,2015-04-09,-0.00813960
CHF-LIBOR-BBA,1W,2015-04-10,-0.00826940
CHF-LIBOR-BBA,1W,2015-04-13,-0.00826960
CHF-LIBOR-BBA,1W,2015-04-14,-0.00827170
CHF-LIBOR-BBA,1W,2015-04-15,-0.00831850
CHF-LIBOR-BBA,1W,2015-04-16,-0.00833400
CHF-LIBOR-BBA,1W,2015-04-17,-0.00833220
CHF-LIBOR-BBA,1W,2015-04-20,-0.00827190
CHF-LIBOR-BBA,1W,2015-04-21,-0.00827230
CHF-LIBOR-BBA,1W,2015-04-22,-0.00819290
CHF-LIBOR-BBA,1W,2015-04-23,-0.00823680
CHF-LIBOR-BBA,1W,2015-04-24,-0.00816630
CHF-LIBOR-BBA,1W,2015-04-27,-0.00814660
CHF-LIBOR-BBA,1W,2015-04-28,-0.00825110
CHF-LIBOR-BBA,1W,2015-04-29,-0.00810030
CHF-LIBOR-BBA,1W,2015-04-30,-0.00806340
CHF-LIBOR-BBA,1W,2015-05-01,-0.00809620
CHF-LIBOR-BBA,1W,2015-05-04,-0.00810370
CHF-LIBOR-BBA,1W,2015-05-05,-0.00807650
CHF-LIBOR-BBA,1W,2015-05-06,-0.00805060
CHF-LIBOR-BBA,1W,2015-05-07,-0.00806090
CHF-LIBOR-BBA,1W,2015-05-08,-0.00800370
CHF-LIBOR-BBA,1W,2015-05-11,-0.00806990
CHF-LIBOR-BBA,1W,2015-05-12,-0.00810690
CHF-LIBOR-BBA,1W,2015-05-13,-0.00814550
CHF-LIBOR-BBA,1W,2015-05-14,-0.00815600
CHF-LIBOR-BBA,1W,2015-05-15,-0.00814870
CHF-LIBOR-BBA,1W,2015-05-18,-0.00815240
CHF-LIBOR-BBA,1W,2015-05-19,-0.00809560
CHF-LIBOR-BBA,1W,2015-05-20,-0.00803210
CHF-LIBOR-BBA,1W,2015-05-21,-0.00811650
CHF-LIBOR-BBA,1W,2015-05-22,-0.00805810
CHF-LIBOR-BBA,1W,2015-05-25,-0.00805530
CHF-LIBOR-BBA,1W,2015-05-26,-0.00811790
CHF-LIBOR-BBA,1W,2015-05-27,-0.00814560
CHF-LIBOR-BBA,1W,2015-05-28,-0.00810720
CHF-LIBOR-BBA,1W,2015-05-29,-0.00811560
CHF-LIBOR-BBA,1W,2015-06-01,-0.00813180
CHF-LIBOR-BBA,1W,2015-06-02,-0.00813090
CHF-LIBOR-BBA,1W,2015-06-03,-0.00809470
CHF-LIBOR-BBA,2M,2015-03-02,-0.00877510
CHF-LIBOR-BBA,2M,2015-03-03,-0.00867260
CHF-LIBOR-BBA,2M,2015-03-04,-0.00850110
CHF-LIBOR-BBA,2M,2015-03-05,-0.00820100
CHF-LIBOR-BBA,2M,2015-03-06,-0.00790800
CHF-LIBOR-BBA,2M,2015-03-09,-0.00806700
CHF-LIBOR-BBA,2M,2015-03-10,-0.00815050
CHF-LIBOR-BBA,2M,2015-03-11,-0.00823270
CHF-LIBOR-BBA,2M,2015-03-12,-0.00839900
CHF-LIBOR-BBA,2M,2015-03-13,-0.00837830
CHF-LIBOR-BBA,2M,2015-03-16,-0.00832010
CHF-LIBOR-BBA,2M,2015-03-17,-0.00833500
CHF-LIBOR-BBA,2M,2015-03-18,-0.00830470
CHF-LIBOR-BBA,2M,2015-03-19,-0.00818230
CHF-LIBOR-BBA,2M,2015-03-20,-0.00816060
CHF-LIBOR-BBA,2M,2015-03-23,-0.00815920
CHF-LIBOR-BBA,2M,2015-03-24,-0.00816110
CHF-LIBOR-BBA,2M,2015-03-25,-0.00825710
CHF-LIBOR-BBA,2M,2015-03-26,-0.00827530
CHF-LIBOR-BBA,2M,2015-03-27,-0.00832690
CHF-LIBOR-BBA,2M,2015-03-30,-0.00839940
CHF-LIBOR-BBA,2M,2015-03-31,-0.00838900
CHF-LIBOR-BBA,2M,2015-04-01,-0.00834950
CHF-LIBOR-BBA,2M,2015-04-02,-0.00837750
CHF-LIBOR-BBA,2M,2015-04-03,-0.00837300
CHF-LIBOR-BBA,2M,2015-04-06,-0.00838790
CHF-LIBOR-BBA,2M,2015-04-07,-0.00838280
CHF-LIBOR-BBA,2M,2015-04-08,-0.00832740
CHF-LIBOR-BBA,2M,2015-04-09,-0.00826550
CHF-LIBOR-BBA,2M,2015-04-10,-0.00826580
CHF-LIBOR-BBA,2M,2015-04-13,-0.00826120
CHF-LIBOR-BBA,2M,2015-04-14,-0.00825130
CHF-LIBOR-BBA,2M,2015-04-15,-0.00827810
CHF-LIBOR-BBA,2M,2015-04-16,-0.00835390
CHF-LIBOR-BBA,2M,2015-04-17,-0.00837190
CHF-LIBOR-BBA,2M,2015-04-20,-0.00846720
CHF-LIBOR-BBA,2M,2015-04-21,-0.00850100
CHF-LIBOR-BBA,2M,2015-04-22,-0.00848680
CHF-LIBOR-BBA,2M,2015-04-23,-0.00847880
CHF-LIBOR-BBA,2M,2015-04-24,-0.00829460
CHF-LIBOR-BBA,2M,2015-04-27,-0.00825770
CHF-LIBOR-BBA,2M,2015-04-28,-0.00824330
CHF-LIBOR-BBA,2M,2015-04-29,-0.00815680
CHF-LIBOR-BBA,2M,2015-04-30,-0.00812580
CHF-LIBOR-BBA,2M,2015-05-01,-0.00811580
CHF-LIBOR-BBA,2M,2015-05-04,-0.00812170
CHF-LIBOR-BBA,2M,2015-05-05,-0.00809210
CHF-LIBOR-BBA,2M,2015-05-06,-0.00809820
CHF-LIBOR-BBA,2M,2015-05-07,-0.00809160
CHF-LIBOR-BBA,2M,2015-05-08,-0.00808560
CHF-LIBOR-BBA,2M,2015-05-11,-0.00807220
CHF-LIBOR-BBA,2M,2015-05-12,-0.00809380
CHF-LIBOR-BBA,2M,2015-05-13,-0.00808370
CHF-LIBOR-BBA,2M,2015-05-14,-0.00808950
CHF-LIBOR-BBA,2M,2015-05-15,-0.00808020
CHF-LIBOR-BBA,2M,2015-05-18,-0.00808810
CHF-LIBOR-BBA,2M,2015-05-19,-0.00808070
CHF-LIBOR-BBA,2M,2015-05-20,-0.00804460
CHF-LIBOR-BBA,2M,2015-05-21,-0.00805870
CHF-LIBOR-BBA,2M,2015-05-22,-0.00805320
CHF-LIBOR-BBA,2M,2015-05-25,-0.00805410
CHF-LIBOR-BBA,2M,2015-05-26,-0.00804550
CHF-LIBOR-BBA,2M,2015-05-27,-0.00804420
CHF-LIBOR-BBA,2M,2015-05-28,-0.00805070
CHF-LIBOR-BBA,2M,2015-05-29,-0.00805720
CHF-LIBOR-BBA,2M,2015-06-01,-0.00804180
CHF-LIBOR-BBA,2M,2015-06-02,-0.00804660
CHF-LIBOR-BBA,2M,2015-06-03,-0.00805360
CHF-LIBOR-BBA,3M,2015-03-02,-0.00857450
CHF-LIBOR-BBA,3M,2015-03-03,-0.00846220
CHF-LIBOR-BBA,3M,2015-03-04,-0.00821710
CHF-LIBOR-BBA,3M,2015-03-05,-0.00791280
CHF-LIBOR-BBA,3M,2015-03-06,-0.00757120
CHF-LIBOR-BBA,3M,2015-03-09,-0.00773680
CHF-LIBOR-BBA,3M,2015-03-10,-0.00781190
CHF-LIBOR-BBA,3M,2015-03-11,-0.00790540
CHF-LIBOR-BBA,3M,2015-03-12,-0.00809110
CHF-LIBOR-BBA,3M,2015-03-13,-0.00806100
CHF-LIBOR-BBA,3M,2015-03-16,-0.00803010
CHF-LIBOR-BBA,3M,2015-03-17,-0.00804290
CHF-LIBOR-BBA,3M,2015-03-18,-0.00801760
CHF-LIBOR-BBA,3M,2015-03-19,-0.00793880
CHF-LIBOR-BBA,3M,2015-03-20,-0.00790010
CHF-LIBOR-BBA,3M,2015-03-23,-0.00790600
CHF-LIBOR-BBA,3M,2015-03-24,-0.00790860
CHF-LIBOR-BBA,3M,2015-03-25,-0.00801720
CHF-LIBOR-BBA,3M,2015-03-26,-0.00803420
CHF-LIBOR-BBA,3M,2015-03-27,-0.00806790
CHF-LIBOR-BBA,3M,2015-03-30,-0.00813650
CHF-LIBOR-BBA,3M,2015-03-31,-0.00814200
CHF-LIBOR-BBA,3M,2015-04-01,-0.00809720
CHF-LIBOR-BBA,3M,2015-04-02,-0.00813850
CHF-LIBOR-BBA,3M,2015-04-03,-0.00813410
CHF-LIBOR-BBA,3M,2015-04-06,-0.00814090
CHF-LIBOR-BBA,3M,2015-04-07,-0.00814820
CHF-LIBOR-BBA,3M,2015-04-08,-0.00809320
CHF-LIBOR-BBA,3M,2015-04-09,-0.00803200
CHF-LIBOR-BBA,3M,2015-04-10,-0.00804360
CHF-LIBOR-BBA,3M,2015-04-13,-0.00803410
CHF-LIBOR-BBA,3M,2015-04-14,-0.00807410
CHF-LIBOR-BBA,3M,2015-04-15,-0.00807820
CHF-LIBOR-BBA,3M,2015-04-16,-0.00813620
CHF-LIBOR-BBA,3M,2015-04-17,-0.00815630
CHF-LIBOR-BBA,3M,2015-04-20,-0.00825130
CHF-LIBOR-BBA,3M,2015-04-21,-0.00832800
CHF-LIBOR-BBA,3M,2015-04-22,-0.00828370
CHF-LIBOR-BBA,3M,2015-04-23,-0.00827160
CHF-LIBOR-BBA,3M,2015-04-24,-0.00812690
CHF-LIBOR-BBA,3M,2015-04-27,-0.00810450
CHF-LIBOR-BBA,3M,2015-04-28,-0.00808470
CHF-LIBOR-BBA,3M,2015-04-29,-0.00800830
CHF-LIBOR-BBA,3M,2015-04-30,-0.00794270
CHF-LIBOR-BBA,3M,2015-05-01,-0.00795860
CHF-LIBOR-BBA,3M,2015-05-04,-0.00794750
CHF-LIBOR-BBA,3M,2015-05-05,-0.00793810
CHF-LIBOR-BBA,3M,2015-05-06,-0.00792080
CHF-LIBOR-BBA,3M,2015-05-07,-0.00791110
CHF-LIBOR-BBA,3M,2015-05-08,-0.00791370
CHF-LIBOR-BBA,3M,2015-05-11,-0.00789740
CHF-LIBOR-BBA,3M,2015-05-12,-0.00791780
CHF-LIBOR-BBA,3M,2015-05-13,-0.00792520
CHF-LIBOR-BBA,3M,2015-05-14,-0.00791370
CHF-LIBOR-BBA,3M,2015-05-15,-0.00792260
CHF-LIBOR-BBA,3M,2015-05-18,-0.00791470
CHF-LIBOR-BBA,3M,2015-05-19,-0.00792900
CHF-LIBOR-BBA,3M,2015-05-20,-0.00787080
CHF-LIBOR-BBA,3M,2015-05-21,-0.00787970
CHF-LIBOR-BBA,3M,2015-05-22,-0.00788990
CHF-LIBOR-BBA,3M,2015-05-25,-0.00787070
CHF-LIBOR-BBA,3M,2015-05-26,-0.00787670
CHF-LIBOR-BBA,3M,2015-05-27,-0.00787450
CHF-LIBOR-BBA,3M,2015-05-28,-0.00788590
CHF-LIBOR-BBA,3M,2015-05-29,-0.00787580
CHF-LIBOR-BBA,3M,2015-06-01,-0.00788820
CHF-LIBOR-BBA,3M,2015-06-02,-0.00788800
CHF-LIBOR-BBA,3M,2015-06-03,-0.00788570
CHF-LIBOR-BBA,6M,2015-03-02,-0.00739220
CHF-LIBOR-BBA,6M,2015-03-03,-0.00731270
CHF-LIBOR-BBA,6M,2015-03-04,-0.00717490
CHF-LIBOR-BBA,6M,2015-03-05,-0.00688540
CHF-LIBOR-BBA,6M,2015-03-06,-0.00660010
CHF-LIBOR-BBA,6M,2015-03-09,-0.00669560
CHF-LIBOR-BBA,6M,2015-03-10,-0.00683890
CHF-LIBOR-BBA,6M,2015-03-11,-0.00701870
CHF-LIBOR-BBA,6M,2015-03-12,-0.00721430
CHF-LIBOR-BBA,6M,2015-03-13,-0.00713740
CHF-LIBOR-BBA,6M,2015-03-16,-0.00714220
CHF-LIBOR-BBA,6M,2015-03-17,-0.00715770
CHF-LIBOR-BBA,6M,2015-03-18,-0.00711270
CHF-LIBOR-BBA,6M,2015-03-19,-0.00701970
CHF-LIBOR-BBA,6M,2015-03-20,-0.00694110
CHF-LIBOR-BBA,6M,2015-03-23,-0.00700050
CHF-LIBOR-BBA,6M,2015-03-24,-0.00704540
CHF-LIBOR-BBA,6M,2015-03-25,-0.00713400
CHF-LIBOR-BBA,6M,2015-03-26,-0.00715880
CHF-LIBOR-BBA,6M,2015-03-27,-0.00718100
CHF-LIBOR-BBA,6M,2015-03-30,-0.00722150
CHF-LIBOR-BBA,6M,2015-03-31,-0.00725060
CHF-LIBOR-BBA,6M,2015-04-01,-0.00725970
CHF-LIBOR-BBA,6M,2015-04-02,-0.00727740
CHF-LIBOR-BBA,6M,2015-04-03,-0.00727050
CHF-LIBOR-BBA,6M,2015-04-06,-0.00726850
CHF-LIBOR-BBA,6M,2015-04-07,-0.00726830
CHF-LIBOR-BBA,6M,2015-04-08,-0.00722730
CHF-LIBOR-BBA,6M,2015-04-09,-0.00716790
CHF-LIBOR-BBA,6M,2015-04-10,-0.00718790
CHF-LIBOR-BBA,6M,2015-04-13,-0.00719450
CHF-LIBOR-BBA,6M,2015-04-14,-0.00724810
CHF-LIBOR-BBA,6M,2015-04-15,-0.00723920
CHF-LIBOR-BBA,6M,2015-04-16,-0.00726840
CHF-LIBOR-BBA,6M,2015-04-17,-0.00726680
CHF-LIBOR-BBA,6M,2015-04-20,-0.00735720
CHF-LIBOR-BBA,6M,2015-04-21,-0.00741960
CHF-LIBOR-BBA,6M,2015-04-22,-0.00740750
CHF-LIBOR-BBA,6M,2015-04-23,-0.00740950
CHF-LIBOR-BBA,6M,2015-04-24,-0.00731660
CHF-LIBOR-BBA,6M,2015-04-27,-0.00730220
CHF-LIBOR-BBA,6M,2015-04-28,-0.00727060
CHF-LIBOR-BBA,6M,2015-04-29,-0.00718380
CHF-LIBOR-BBA,6M,2015-04-30,-0.00709190
CHF-LIBOR-BBA,6M,2015-05-01,-0.00712540
CHF-LIBOR-BBA,6M,2015-05-04,-0.00712350
CHF-LIBOR-BBA,6M,2015-05-05,-0.00707350
CHF-LIBOR-BBA,6M,2015-05-06,-0.00707520
CHF-LIBOR-BBA,6M,2015-05-07,-0.00700320
CHF-LIBOR-BBA,6M,2015-05-08,-0.00702440
CHF-LIBOR-BBA,6M,2015-05-11,-0.00701700
CHF-LIBOR-BBA,6M,2015-05-12,-0.00700860
CHF-LIBOR-BBA,6M,2015-05-13,-0.00704210
CHF-LIBOR-BBA,6M,2015-05-14,-0.00700360
CHF-LIBOR-BBA,6M,2015-05-15,-0.00702270
CHF-LIBOR-BBA,6M,2015-05-18,-0.00701850
CHF-LIBOR-BBA,6M,2015-05-19,-0.00703680
CHF-LIBOR-BBA,6M,2015-05-20,-0.00698000
CHF-LIBOR-BBA,6M,2015-05-21,-0.00700200
CHF-LIBOR-BBA,6M,2015-05-22,-0.00702300
CHF-LIBOR-BBA,6M,2015-05-25,-0.00701340
CHF-LIBOR-BBA,6M,2015-05-26,-0.00706640
CHF-LIBOR-BBA,6M,2015-05-27,-0.00706960
CHF-LIBOR-BBA,6M,2015-05-28,-0.00707610
CHF-LIBOR-BBA,6M,2015-05-29,-0.00708590
CHF-LIBOR-BBA,6M,2015-06-01,-0.00713370
CHF-LIBOR-BBA,6M,2015-06-02,-0.00715590
CHF-LIBOR-BBA,6M,2015-06-03,-0.00710440
CHF-TOIS-OIS-COMPOUND,,2015-03-02,-0.00447430
CHF-TOIS-OIS-COMPOUND,,2015-03-03,-0.00452940
CHF-TOIS-OIS-COMPOUND,,2015-03-04,-0.00444400
CHF-TOIS-OIS-COMPOUND,,2015-03-05,-0.00443230
CHF-TOIS-OIS-COMPOUND,,2015-03-06,-0.00439060
CHF-TOIS-OIS-COMPOUND,,2015-03-09,-0.00414440
CHF-TOIS-OIS-COMPOUND,,2015-03-10,-0.00423080
CHF-TOIS-OIS-COMPOUND,,2015-03-11,-0.00431980
CHF-TOIS-OIS-COMPOUND,,2015-03-12,-0.00436830
CHF-TOIS-OIS-COMPOUND,,2015-03-13,-0.00434290
CHF-TOIS-OIS-COMPOUND,,2015-03-16,-0.00409650
CHF-TOIS-OIS-COMPOUND,,2015-03-17,-0.00399200
CHF-TOIS-OIS-COMPOUND,,2015-03-18,-0.00395990
CHF-TOIS-OIS-COMPOUND,,2015-03-19,-0.00405380
CHF-TOIS-OIS-COMPOUND,,2015-03-20,-0.00407800
CHF-TOIS-OIS-COMPOUND,,2015-03-23,-0.00406520
CHF-TOIS-OIS-COMPOUND,,2015-03-24,-0.00406860
CHF-TOIS-OIS-COMPOUND,,2015-03-25,-0.00402920
CHF-TOIS-OIS-COMPOUND,,2015-03-26,-0.00395400
CHF-TOIS-OIS-COMPOUND,,2015-03-27,-0.00417060
CHF-TOIS-OIS-COMPOUND,,2015-03-30,-0.00432630
CHF-TOIS-OIS-COMPOUND,,2015-03-31,-0.00437880
CHF-TOIS-OIS-COMPOUND,,2015-04-01,-0.00430780
CHF-TOIS-OIS-COMPOUND,,2015-04-02,-0.00432880
CHF-TOIS-OIS-COMPOUND,,2015-04-03,-0.00431890
CHF-TOIS-OIS-COMPOUND,,2015-04-06,-0.00431540
CHF-TOIS-OIS-COMPOUND,,2015-04-07,-0.00429160
CHF-TOIS-OIS-COMPOUND,,2015-04-08,-0.00422490
CHF-TOIS-OIS-COMPOUND,,2015-04-09,-0.00429780
CHF-TOIS-OIS-COMPOUND,,2015-04-10,-0.00431670
CHF-TOIS-OIS-COMPOUND,,2015-04-13,-0.00435960
CHF-TOIS-OIS-COMPOUND,,2015-04-14,-0.00440910
CHF-TOIS-OIS-COMPOUND,,2015-04-15,-0.00448300
CHF-TOIS-OIS-COMPOUND,,2015-04-16,-0.00454020
CHF-TOIS-OIS-COMPOUND,,2015-04-17,-0.00467190
CHF-TOIS-OIS-COMPOUND,,2015-04-20,-0.00482150
CHF-TOIS-OIS-COMPOUND,,2015-04-21,-0.00480100
CHF-TOIS-OIS-COMPOUND,,2015-04-22,-0.00467400
CHF-TOIS-OIS-COMPOUND,,2015-04-23,-0.00457740
CHF-TOIS-OIS-COMPOUND,,2015-04-24,-0.00438290
CHF-TOIS-OIS-COMPOUND,,2015-04-27,-0.00425160
CHF-TOIS-OIS-COMPOUND,,2015-04-28,-0.00420570
CHF-TOIS-OIS-COMPOUND,,2015-04-29,-0.00407400
CHF-TOIS-OIS-COMPOUND,,2015-04-30,-0.00401850
CHF-TOIS-OIS-COMPOUND,,2015-05-01,-0.00402310
CHF-TOIS-OIS-COMPOUND,,2015-05-04,-0.00392340
CHF-TOIS-OIS-COMPOUND,,2015-05-05,-0.00386750
CHF-TOIS-OIS-COMPOUND,,2015-05-06,-0.00374010
CHF-TOIS-OIS-COMPOUND,,2015-05-07,-0.00369230
CHF-TOIS-OIS-COMPOUND,,2015-05-08,-0.00373140
CHF-TOIS-OIS-COMPOUND,,2015-05-11,-0.00371510
CHF-TOIS-OIS-COMPOUND,,2015-05-12,-0.00379850
CHF-TOIS-OIS-COMPOUND,,2015-05-13,-0.00382390
CHF-TOIS-OIS-COMPOUND,,2015-05-14,-0.00383430
CHF-TOIS-OIS-COMPOUND,,2015-05-15,-0.00379020
CHF-TOIS-OIS-COMPOUND,,2015-05-18,-0.00374790
CHF-TOIS-OIS-COMPOUND,,2015-05-19,-0.00384610
CHF-TOIS-OIS-COMPOUND,,2015-05-20,-0.00380210
CHF-TOIS-OIS-COMPOUND,,2015-05-21,-0.00394540
CHF-TOIS-OIS-COMPOUND,,2015-05-22,-0.00419870
CHF-TOIS-OIS-COMPOUND,,2015-05-25,-0.00420880
CHF-TOIS-OIS-COMPOUND,,2015-05-26,-0.00489160
CHF-TOIS-OIS-COMPOUND,,2015-05-27,-0.00491670
CHF-TOIS-OIS-COMPOUND,,2015-05-28,-0.00499540
CHF-TOIS-OIS-COMPOUND,,2015-05-29,-0.00489310
CHF-TOIS-OIS-COMPOUND,,2015-06-01,-0.00492280
CHF-TOIS-OIS-COMPOUND,,2015-06-02,-0.00483160
CHF-TOIS-OIS-COMPOUND,,2015-06-03,-0.00476730
EUR.FRCPIX,,2015-03-01,126.83000000
EUR.FRCPIX,,2015-04-01,126.85000000
EUR.FRCPIX,,2015-05-01,125.72000000
EUR.HICPXT,,2015-03-01,117.78000000
EUR.HICPXT,,2015-04-01,118.30000000
EUR.HICPXT,,2015-05-01,118.38000000
EUR-EONIA-OIS-COMPOUND,,2015-03-02,-0.00055018
EUR-EONIA-OIS-COMPOUND,,2015-03-03,-0.00062918
EUR-EONIA-OIS-COMPOUND,,2015-03-04,-0.00060064
EUR-EONIA-OIS-COMPOUND,,2015-03-05,-0.00056018
EUR-EONIA-OIS-COMPOUND,,2015-03-06,-0.00064006
EUR-EONIA-OIS-COMPOUND,,2015-03-09,-0.00064021
EUR-EONIA-OIS-COMPOUND,,2015-03-10,-0.00063941
EUR-EONIA-OIS-COMPOUND,,2015-03-11,-0.00054942
EUR-EONIA-OIS-COMPOUND,,2015-03-12,-0.00054930
EUR-EONIA-OIS-COMPOUND,,2015-03-13,-0.00040061
EUR-EONIA-OIS-COMPOUND,,2015-03-16,-0.00057950
EUR-EONIA-OIS-COMPOUND,,2015-03-17,-0.00040917
EUR-EONIA-OIS-COMPOUND,,2015-03-18,-0.00056902
EUR-EONIA-OIS-COMPOUND,,2015-03-19,-0.00039988
EUR-EONIA-OIS-COMPOUND,,2015-03-20,-0.00055093
EUR-EONIA-OIS-COMPOUND,,2015-03-23,-0.00048080
EUR-EONIA-OIS-COMPOUND,,2015-03-24,-0.00058903
EUR-EONIA-OIS-COMPOUND,,2015-03-25,-0.00062939
EUR-EONIA-OIS-COMPOUND,,2015-03-26,-0.00057932
EUR-EONIA-OIS-COMPOUND,,2015-03-27,-0.00052980
EUR-EONIA-OIS-COMPOUND,,2015-03-30,-0.00050096
EUR-EONIA-OIS-COMPOUND,,2015-03-31,0.00049905
EUR-EONIA-OIS-COMPOUND,,2015-04-01,-0.00070065
EUR-EONIA-OIS-COMPOUND,,2015-04-02,-0.00078997
EUR-EONIA-OIS-COMPOUND,,2015-04-03,-0.00078939
EUR-EONIA-OIS-COMPOUND,,2015-04-06,-0.00079098
EUR-EONIA-OIS-COMPOUND,,2015-04-07,-0.00080035
EUR-EONIA-OIS-COMPOUND,,2015-04-08,-0.00073918
EUR-EONIA-OIS-COMPOUND,,2015-04-09,-0.00056078
EUR-EONIA-OIS-COMPOUND,,2015-04-10,-0.00069996
EUR-EONIA-OIS-COMPOUND,,2015-04-13,-0.00072043
EUR-EONIA-OIS-COMPOUND,,2015-04-14,-0.00088989
EUR-EONIA-OIS-COMPOUND,,2015-04-15,-0.00073935
EUR-EONIA-OIS-COMPOUND,,2015-04-16,-0.00093033
EUR-EONIA-OIS-COMPOUND,,2015-04-17,-0.00072922
EUR-EONIA-OIS-COMPOUND,,2015-04-20,-0.00078911
EUR-EONIA-OIS-COMPOUND,,2015-04-21,-0.00083941
EUR-EONIA-OIS-COMPOUND,,2015-04-22,-0.00076917
EUR-EONIA-OIS-COMPOUND,,2015-04-23,-0.00079992
EUR-EONIA-OIS-COMPOUND,,2015-04-24,-0.00080908
EUR-EONIA-OIS-COMPOUND,,2015-04-27,-0.00080985
EUR-EONIA-OIS-COMPOUND,,2015-04-28,-0.00078940
EUR-EONIA-OIS-COMPOUND,,2015-04-29,-0.00072018
EUR-EONIA-OIS-COMPOUND,,2015-04-30,-0.00026923
EUR-EONIA-OIS-COMPOUND,,2015-05-01,-0.00027064
EUR-EONIA-OIS-COMPOUND,,2015-05-04,-0.00084097
EUR-EONIA-OIS-COMPOUND,,2015-05-05,-0.00085023
EUR-EONIA-OIS-COMPOUND,,2015-05-06,-0.00088037
EUR-EONIA-OIS-COMPOUND,,2015-05-07,-0.00088918
EUR-EONIA-OIS-COMPOUND,,2015-05-08,-0.00086985
EUR-EONIA-OIS-COMPOUND,,2015-05-11,-0.00089029
EUR-EONIA-OIS-COMPOUND,,2015-05-12,-0.00091098
EUR-EONIA-OIS-COMPOUND,,2015-05-13,-0.00137370
EUR-EONIA-OIS-COMPOUND,,2015-05-14,-0.00142000
EUR-EONIA-OIS-COMPOUND,,2015-05-15,-0.00109130
EUR-EONIA-OIS-COMPOUND,,2015-05-18,-0.00104090
EUR-EONIA-OIS-COMPOUND,,2015-05-19,-0.00105660
EUR-EONIA-OIS-COMPOUND,,2015-05-20,-0.00104790
EUR-EONIA-OIS-COMPOUND,,2015-05-21,-0.00105590
EUR-EONIA-OIS-COMPOUND,,2015-05-22,-0.00139220
EUR-EONIA-OIS-COMPOUND,,2015-05-25,-0.00142280
EUR-EONIA-OIS-COMPOUND,,2015-05-26,-0.00108480
EUR-EONIA-OIS-COMPOUND,,2015-05-27,-0.00114750
EUR-EONIA-OIS-COMPOUND,,2015-05-28,-0.00103960
EUR-EONIA-OIS-COMPOUND,,2015-05-29,-0.00079938
EUR-EONIA-OIS-COMPOUND,,2015-06-01,-0.00106230
EUR-EONIA-OIS-COMPOUND,,2015-06-02,-0.00122830
EUR-EONIA-OIS-COMPOUND,,2015-06-03,-0.00142050
EUR-EURIBOR-Reuters,12M,2015-03-02,0.00230710
EUR-EURIBOR-Reuters,12M,2015-03-03,0.00227630
EUR-EURIBOR-Reuters,12M,2015-03-04,0.00227760
EUR-EURIBOR-Reuters,12M,2015-03-05,0.00226340
EUR-EURIBOR-Reuters,12M,2015-03-06,0.00225640
EUR-EURIBOR-Reuters,12M,2015-03-09,0.00221850
EUR-EURIBOR-Reuters,12M,2015-03-10,0.00219150
EUR-EURIBOR-Reuters,12M,2015-03-11,0.00216160
EUR-EURIBOR-Reuters,12M,2015-03-12,0.00214470
EUR-EURIBOR-Reuters,12M,2015-03-13,0.00213570
EUR-EURIBOR-Reuters,12M,2015-03-16,0.00211450
EUR-EURIBOR-Reuters,12M,2015-03-17,0.00208900
EUR-EURIBOR-Reuters,12M,2015-03-18,0.00212100
EUR-EURIBOR-Reuters,12M,2015-03-19,0.00209240
EUR-EURIBOR-Reuters,12M,2015-03-20,0.00205630
EUR-EURIBOR-Reuters,12M,2015-03-23,0.00202230
EUR-EURIBOR-Reuters,12M,2015-03-24,0.00202130
EUR-EURIBOR-Reuters,12M,2015-03-25,0.00201650
EUR-EURIBOR-Reuters,12M,2015-03-26,0.00200830
EUR-EURIBOR-Reuters,12M,2015-03-27,0.00198530
EUR-EURIBOR-Reuters,12M,2015-03-30,0.00198190
EUR-EURIBOR-Reuters,12M,2015-03-31,0.00198270
EUR-EURIBOR-Reuters,12M,2015-04-01,0.00195060
EUR-EURIBOR-Reuters,12M,2015-04-02,0.00194940
EUR-EURIBOR-Reuters,12M,2015-04-03,0.00195100
EUR-EURIBOR-Reuters,12M,2015-04-06,0.00195760
EUR-EURIBOR-Reuters,12M,2015-04-07,0.00194390
EUR-EURIBOR-Reuters,12M,2015-04-08,0.00191790
EUR-EURIBOR-Reuters,12M,2015-04-09,0.00190640
EUR-EURIBOR-Reuters,12M,2015-04-10,0.00188890
EUR-EURIBOR-Reuters,12M,2015-04-13,0.00187640
EUR-EURIBOR-Reuters,12M,2015-04-14,0.00182750
EUR-EURIBOR-Reuters,12M,2015-04-15,0.00180030
EUR-EURIBOR-Reuters,12M,2015-04-16,0.00178450
EUR-EURIBOR-Reuters,12M,2015-04-17,0.00176690
EUR-EURIBOR-Reuters,12M,2015-04-20,0.00175170
EUR-EURIBOR-Reuters,12M,2015-04-21,0.00175610
EUR-EURIBOR-Reuters,12M,2015-04-22,0.00174730
EUR-EURIBOR-Reuters,12M,2015-04-23,0.00172850
EUR-EURIBOR-Reuters,12M,2015-04-24,0.00172800
EUR-EURIBOR-Reuters,12M,2015-04-27,0.00170980
EUR-EURIBOR-Reuters,12M,2015-04-28,0.00167110
EUR-EURIBOR-Reuters,12M,2015-04-29,0.00167550
EUR-EURIBOR-Reuters,12M,2015-04-30,0.00171880
EUR-EURIBOR-Reuters,12M,2015-05-01,0.00170560
EUR-EURIBOR-Reuters,12M,2015-05-04,0.00171000
EUR-EURIBOR-Reuters,12M,2015-05-05,0.00167650
EUR-EURIBOR-Reuters,12M,2015-05-06,0.00168050
EUR-EURIBOR-Reuters,12M,2015-05-07,0.00168320
EUR-EURIBOR-Reuters,12M,2015-05-08,0.00168530
EUR-EURIBOR-Reuters,12M,2015-05-11,0.00167250
EUR-EURIBOR-Reuters,12M,2015-05-12,0.00169900
EUR-EURIBOR-Reuters,12M,2015-05-13,0.00169550
EUR-EURIBOR-Reuters,12M,2015-05-14,0.00167630
EUR-EURIBOR-Reuters,12M,2015-05-15,0.00167510
EUR-EURIBOR-Reuters,12M,2015-05-18,0.00168570
EUR-EURIBOR-Reuters,12M,2015-05-19,0.00163970
EUR-EURIBOR-Reuters,12M,2015-05-20,0.00161040
EUR-EURIBOR-Reuters,12M,2015-05-21,0.00161120
EUR-EURIBOR-Reuters,12M,2015-05-22,0.00161580
EUR-EURIBOR-Reuters,12M,2015-05-25,0.00162390
EUR-EURIBOR-Reuters,12M,2015-05-26,0.00160020
EUR-EURIBOR-Reuters,12M,2015-05-27,0.00160020
EUR-EURIBOR-Reuters,12M,2015-05-28,0.00158370
EUR-EURIBOR-Reuters,12M,2015-05-29,0.00159970
EUR-EURIBOR-Reuters,12M,2015-06-01,0.00160250
EUR-EURIBOR-Reuters,12M,2015-06-02,0.00158320
EUR-EURIBOR-Reuters,12M,2015-06-03,0.00159470
EUR-EURIBOR-Reuters,1M,2015-03-02,-0.00004990
EUR-EURIBOR-Reuters,1M,2015-03-03,-0.00005991
EUR-EURIBOR-Reuters,1M,2015-03-04,-0.00005997
EUR-EURIBOR-Reuters,1M,2015-03-05,-0.00007002
EUR-EURIBOR-Reuters,1M,2015-03-06,-0.00008008
EUR-EURIBOR-Reuters,1M,2015-03-09,-0.00008001
EUR-EURIBOR-Reuters,1M,2015-03-10,-0.00009000
EUR-EURIBOR-Reuters,1M,2015-03-11,-0.00010934
EUR-EURIBOR-Reuters,1M,2015-03-12,-0.00008999
EUR-EURIBOR-Reuters,1M,2015-03-13,-0.00009943
EUR-EURIBOR-Reuters,1M,2015-03-16,-0.00010904
EUR-EURIBOR-Reuters,1M,2015-03-17,-0.00012032
EUR-EURIBOR-Reuters,1M,2015-03-18,-0.00010986
EUR-EURIBOR-Reuters,1M,2015-03-19,-0.00011084
EUR-EURIBOR-Reuters,1M,2015-03-20,-0.00013912
EUR-EURIBOR-Reuters,1M,2015-03-23,-0.00012014
EUR-EURIBOR-Reuters,1M,2015-03-24,-0.00012070
EUR-EURIBOR-Reuters,1M,2015-03-25,-0.00011946
EUR-EURIBOR-Reuters,1M,2015-03-26,-0.00012013
EUR-EURIBOR-Reuters,1M,2015-03-27,-0.00011967
EUR-EURIBOR-Reuters,1M,2015-03-30,-0.00013963
EUR-EURIBOR-Reuters,1M,2015-03-31,-0.00015072
EUR-EURIBOR-Reuters,1M,2015-04-01,-0.00016970
EUR-EURIBOR-Reuters,1M,2015-04-02,-0.00019098
EUR-EURIBOR-Reuters,1M,2015-04-03,-0.00018924
EUR-EURIBOR-Reuters,1M,2015-04-06,-0.00019041
EUR-EURIBOR-Reuters,1M,2015-04-07,-0.00021096
EUR-EURIBOR-Reuters,1M,2015-04-08,-0.00021025
EUR-EURIBOR-Reuters,1M,2015-04-09,-0.00022074
EUR-EURIBOR-Reuters,1M,2015-04-10,-0.00022022
EUR-EURIBOR-Reuters,1M,2015-04-13,-0.00023957
EUR-EURIBOR-Reuters,1M,2015-04-14,-0.00024911
EUR-EURIBOR-Reuters,1M,2015-04-15,-0.00028983
EUR-EURIBOR-Reuters,1M,2015-04-16,-0.00031947
EUR-EURIBOR-Reuters,1M,2015-04-17,-0.00033046
EUR-EURIBOR-Reuters,1M,2015-04-20,-0.00032063
EUR-EURIBOR-Reuters,1M,2015-04-21,-0.00034100
EUR-EURIBOR-Reuters,1M,2015-04-22,-0.00034098
EUR-EURIBOR-Reuters,1M,2015-04-23,-0.00033981
EUR-EURIBOR-Reuters,1M,2015-04-24,-0.00034033
EUR-EURIBOR-Reuters,1M,2015-04-27,-0.00034065
EUR-EURIBOR-Reuters,1M,2015-04-28,-0.00034098
EUR-EURIBOR-Reuters,1M,2015-04-29,-0.00038092
EUR-EURIBOR-Reuters,1M,2015-04-30,-0.00040015
EUR-EURIBOR-Reuters,1M,2015-05-01,-0.00040079
EUR-EURIBOR-Reuters,1M,2015-05-04,-0.00041971
EUR-EURIBOR-Reuters,1M,2015-05-05,-0.00042992
EUR-EURIBOR-Reuters,1M,2015-05-06,-0.00043066
EUR-EURIBOR-Reuters,1M,2015-05-07,-0.00042994
EUR-EURIBOR-Reuters,1M,2015-05-08,-0.00043951
EUR-EURIBOR-Reuters,1M,2015-05-11,-0.00045042
EUR-EURIBOR-Reuters,1M,2015-05-12,-0.00047965
EUR-EURIBOR-Reuters,1M,2015-05-13,-0.00048063
EUR-EURIBOR-Reuters,1M,2015-05-14,-0.00048963
EUR-EURIBOR-Reuters,1M,2015-05-15,-0.00050056
EUR-EURIBOR-Reuters,1M,2015-05-18,-0.00050915
EUR-EURIBOR-Reuters,1M,2015-05-19,-0.00052007
EUR-EURIBOR-Reuters,1M,2015-05-20,-0.00052022
EUR-EURIBOR-Reuters,1M,2015-05-21,-0.00051952
EUR-EURIBOR-Reuters,1M,2015-05-22,-0.00051992
EUR-EURIBOR-Reuters,1M,2015-05-25,-0.00053054
EUR-EURIBOR-Reuters,1M,2015-05-26,-0.00053942
EUR-EURIBOR-Reuters,1M,2015-05-27,-0.00054088
EUR-EURIBOR-Reuters,1M,2015-05-28,-0.00058077
EUR-EURIBOR-Reuters,1M,2015-05-29,-0.00058917
EUR-EURIBOR-Reuters,1M,2015-06-01,-0.00056951
EUR-EURIBOR-Reuters,1M,2015-06-02,-0.00060051
EUR-EURIBOR-Reuters,1M,2015-06-03,-0.00061060
EUR-EURIBOR-Reuters,1W,2015-03-02,-0.00031084
EUR-EURIBOR-Reuters,1W,2015-03-03,-0.00035071
EUR-EURIBOR-Reuters,1W,2015-03-04,-0.00038063
EUR-EURIBOR-Reuters,1W,2015-03-05,-0.00041909
EUR-EURIBOR-Reuters,1W,2015-03-06,-0.00041981
EUR-EURIBOR-Reuters,1W,2015-03-09,-0.00041931
EUR-EURIBOR-Reuters,1W,2015-03-10,-0.00043952
EUR-EURIBOR-Reuters,1W,2015-03-11,-0.00044050
EUR-EURIBOR-Reuters,1W,2015-03-12,-0.00047087
EUR-EURIBOR-Reuters,1W,2015-03-13,-0.00049097
EUR-EURIBOR-Reuters,1W,2015-03-16,-0.00050088
EUR-EURIBOR-Reuters,1W,2015-03-17,-0.00051080
EUR-EURIBOR-Reuters,1W,2015-03-18,-0.00050015
EUR-EURIBOR-Reuters,1W,2015-03-19,-0.00052081
EUR-EURIBOR-Reuters,1W,2015-03-20,-0.00054944
EUR-EURIBOR-Reuters,1W,2015-03-23,-0.00039049
EUR-EURIBOR-Reuters,1W,2015-03-24,-0.00035045
EUR-EURIBOR-Reuters,1W,2015-03-25,-0.00036962
EUR-EURIBOR-Reuters,1W,2015-03-26,-0.00039016
EUR-EURIBOR-Reuters,1W,2015-03-27,-0.00036087
EUR-EURIBOR-Reuters,1W,2015-03-30,-0.00047965
EUR-EURIBOR-Reuters,1W,2015-03-31,-0.00050971
EUR-EURIBOR-Reuters,1W,2015-04-01,-0.00053916
EUR-EURIBOR-Reuters,1W,2015-04-02,-0.00061908
EUR-EURIBOR-Reuters,1W,2015-04-03,-0.00061988
EUR-EURIBOR-Reuters,1W,2015-04-06,-0.00062025
EUR-EURIBOR-Reuters,1W,2015-04-07,-0.00063943
EUR-EURIBOR-Reuters,1W,2015-04-08,-0.00063986
EUR-EURIBOR-Reuters,1W,2015-04-09,-0.00069073
EUR-EURIBOR-Reuters,1W,2015-04-10,-0.00071974
EUR-EURIBOR-Reuters,1W,2015-04-13,-0.00075079
EUR-EURIBOR-Reuters,1W,2015-04-14,-0.00081093
EUR-EURIBOR-Reuters,1W,2015-04-15,-0.00088012
EUR-EURIBOR-Reuters,1W,2015-04-16,-0.00092002
EUR-EURIBOR-Reuters,1W,2015-04-17,-0.00092918
EUR-EURIBOR-Reuters,1W,2015-04-20,-0.00090923
EUR-EURIBOR-Reuters,1W,2015-04-21,-0.00090936
EUR-EURIBOR-Reuters,1W,2015-04-22,-0.00085085
EUR-EURIBOR-Reuters,1W,2015-04-23,-0.00082076
EUR-EURIBOR-Reuters,1W,2015-04-24,-0.00082051
EUR-EURIBOR-Reuters,1W,2015-04-27,-0.00082074
EUR-EURIBOR-Reuters,1W,2015-04-28,-0.00079997
EUR-EURIBOR-Reuters,1W,2015-04-29,-0.00089036
EUR-EURIBOR-Reuters,1W,2015-04-30,-0.00092997
EUR-EURIBOR-Reuters,1W,2015-05-01,-0.00092923
EUR-EURIBOR-Reuters,1W,2015-05-04,-0.00094983
EUR-EURIBOR-Reuters,1W,2015-05-05,-0.00097938
EUR-EURIBOR-Reuters,1W,2015-05-06,-0.00102500
EUR-EURIBOR-Reuters,1W,2015-05-07,-0.00105800
EUR-EURIBOR-Reuters,1W,2015-05-08,-0.00107640
EUR-EURIBOR-Reuters,1W,2015-05-11,-0.00108940
EUR-EURIBOR-Reuters,1W,2015-05-12,-0.00109060
EUR-EURIBOR-Reuters,1W,2015-05-13,-0.00111520
EUR-EURIBOR-Reuters,1W,2015-05-14,-0.00115170
EUR-EURIBOR-Reuters,1W,2015-05-15,-0.00120780
EUR-EURIBOR-Reuters,1W,2015-05-18,-0.00122580
EUR-EURIBOR-Reuters,1W,2015-05-19,-0.00119830
EUR-EURIBOR-Reuters,1W,2015-05-20,-0.00119340
EUR-EURIBOR-Reuters,1W,2015-05-21,-0.00108540
EUR-EURIBOR-Reuters,1W,2015-05-22,-0.00108480
EUR-EURIBOR-Reuters,1W,2015-05-25,-0.00110520
EUR-EURIBOR-Reuters,1W,2015-05-26,-0.00112000
EUR-EURIBOR-Reuters,1W,2015-05-27,-0.00109240
EUR-EURIBOR-Reuters,1W,2015-05-28,-0.00119280
EUR-EURIBOR-Reuters,1W,2015-05-29,-0.00121030
EUR-EURIBOR-Reuters,1W,2015-06-01,-0.00122570
EUR-EURIBOR-Reuters,1W,2015-06-02,-0.00123940
EUR-EURIBOR-Reuters,1W,2015-06-03,-0.00123100
EUR-EURIBOR-Reuters,2M,2015-03-02,0.00019047
EUR-EURIBOR-Reuters,2M,2015-03-03,0.00018036
EUR-EURIBOR-Reuters,2M,2015-03-04,0.00016910
EUR-EURIBOR-Reuters,2M,2015-03-05,0.00016001
EUR-EURIBOR-Reuters,2M,2015-03-06,0.00015045
EUR-EURIBOR-Reuters,2M,2015-03-09,0.00014099
EUR-EURIBOR-Reuters,2M,2015-03-10,0.00012057
EUR-EURIBOR-Reuters,2M,2015-03-11,0.00009008
EUR-EURIBOR-Reuters,2M,2015-03-12,0.00007009
EUR-EURIBOR-Reuters,2M,2015-03-13,0.00007008
EUR-EURIBOR-Reuters,2M,2015-03-16,0.00005998
EUR-EURIBOR-Reuters,2M,2015-03-17,0.00007006
EUR-EURIBOR-Reuters,2M,2015-03-18,0.00008009
EUR-EURIBOR-Reuters,2M,2015-03-19,0.00007994
EUR-EURIBOR-Reuters,2M,2015-03-20,0.00005997
EUR-EURIBOR-Reuters,2M,2015-03-23,0.00007992
EUR-EURIBOR-Reuters,2M,2015-03-24,0.00007999
EUR-EURIBOR-Reuters,2M,2015-03-25,0.00007003
EUR-EURIBOR-Reuters,2M,2015-03-26,0.00005998
EUR-EURIBOR-Reuters,2M,2015-03-27,0.00005999
EUR-EURIBOR-Reuters,2M,2015-03-30,0.00005002
EUR-EURIBOR-Reuters,2M,2015-03-31,0.00004008
EUR-EURIBOR-Reuters,2M,2015-04-01,0.00001995
EUR-EURIBOR-Reuters,2M,2015-04-02,-0.57000000
EUR-EURIBOR-Reuters,2M,2015-04-03,-0.54000000
EUR-EURIBOR-Reuters,2M,2015-04-06,0.12000000
EUR-EURIBOR-Reuters,2M,2015-04-07,-0.00001999
EUR-EURIBOR-Reuters,2M,2015-04-08,-0.00002997
EUR-EURIBOR-Reuters,2M,2015-04-09,-0.00004007
EUR-EURIBOR-Reuters,2M,2015-04-10,-0.00002007
EUR-EURIBOR-Reuters,2M,2015-04-13,-0.00003992
EUR-EURIBOR-Reuters,2M,2015-04-14,-0.00007005
EUR-EURIBOR-Reuters,2M,2015-04-15,-0.00011043
EUR-EURIBOR-Reuters,2M,2015-04-16,-0.00013952
EUR-EURIBOR-Reuters,2M,2015-04-17,-0.00016006
EUR-EURIBOR-Reuters,2M,2015-04-20,-0.00016059
EUR-EURIBOR-Reuters,2M,2015-04-21,-0.00017953
EUR-EURIBOR-Reuters,2M,2015-04-22,-0.00017997
EUR-EURIBOR-Reuters,2M,2015-04-23,-0.00017933
EUR-EURIBOR-Reuters,2M,2015-04-24,-0.00015984
EUR-EURIBOR-Reuters,2M,2015-04-27,-0.00017093
EUR-EURIBOR-Reuters,2M,2015-04-28,-0.00018940
EUR-EURIBOR-Reuters,2M,2015-04-29,-0.00021948
EUR-EURIBOR-Reuters,2M,2015-04-30,-0.00022073
EUR-EURIBOR-Reuters,2M,2015-05-01,-0.00021907
EUR-EURIBOR-Reuters,2M,2015-05-04,-0.00023099
EUR-EURIBOR-Reuters,2M,2015-05-05,-0.00023991
EUR-EURIBOR-Reuters,2M,2015-05-06,-0.00023986
EUR-EURIBOR-Reuters,2M,2015-05-07,-0.00024028
EUR-EURIBOR-Reuters,2M,2015-05-08,-0.00025088
EUR-EURIBOR-Reuters,2M,2015-05-11,-0.00026035
EUR-EURIBOR-Reuters,2M,2015-05-12,-0.00028079
EUR-EURIBOR-Reuters,2M,2015-05-13,-0.00028079
EUR-EURIBOR-Reuters,2M,2015-05-14,-0.00029031
EUR-EURIBOR-Reuters,2M,2015-05-15,-0.00027920
EUR-EURIBOR-Reuters,2M,2015-05-18,-0.00029060
EUR-EURIBOR-Reuters,2M,2015-05-19,-0.00030918
EUR-EURIBOR-Reuters,2M,2015-05-20,-0.00030933
EUR-EURIBOR-Reuters,2M,2015-05-21,-0.00030983
EUR-EURIBOR-Reuters,2M,2015-05-22,-0.00031010
EUR-EURIBOR-Reuters,2M,2015-05-25,-0.00030928
EUR-EURIBOR-Reuters,2M,2015-05-26,-0.00031991
EUR-EURIBOR-Reuters,2M,2015-05-27,-0.00032056
EUR-EURIBOR-Reuters,2M,2015-05-28,-0.00032067
EUR-EURIBOR-Reuters,2M,2015-05-29,-0.00031917
EUR-EURIBOR-Reuters,2M,2015-06-01,-0.00032010
EUR-EURIBOR-Reuters,2M,2015-06-02,-0.00033027
EUR-EURIBOR-Reuters,2M,2015-06-03,-0.00032975
EUR-EURIBOR-Reuters,2W,2015-03-02,-0.00028067
EUR-EURIBOR-Reuters,2W,2015-03-03,-0.00029060
EUR-EURIBOR-Reuters,2W,2015-03-04,-0.00028942
EUR-EURIBOR-Reuters,2W,2015-03-05,-0.00032098
EUR-EURIBOR-Reuters,2W,2015-03-06,-0.00031994
EUR-EURIBOR-Reuters,2W,2015-03-09,-0.00032913
EUR-EURIBOR-Reuters,2W,2015-03-10,-0.00034962
EUR-EURIBOR-Reuters,2W,2015-03-11,-0.00037978
EUR-EURIBOR-Reuters,2W,2015-03-12,-0.00041016
EUR-EURIBOR-Reuters,2W,2015-03-13,-0.00045913
EUR-EURIBOR-Reuters,2W,2015-03-16,-0.00037045
EUR-EURIBOR-Reuters,2W,2015-03-17,-0.00035035
EUR-EURIBOR-Reuters,2W,2015-03-18,-0.00034070
EUR-EURIBOR-Reuters,2W,2015-03-19,-0.00034035
EUR-EURIBOR-Reuters,2W,2015-03-20,-0.00038052
EUR-EURIBOR-Reuters,2W,2015-03-23,-0.00035062
EUR-EURIBOR-Reuters,2W,2015-03-24,-0.00033968
EUR-EURIBOR-Reuters,2W,2015-03-25,-0.00033066
EUR-EURIBOR-Reuters,2W,2015-03-26,-0.00034018
EUR-EURIBOR-Reuters,2W,2015-03-27,-0.00034988
EUR-EURIBOR-Reuters,2W,2015-03-30,-0.00042084
EUR-EURIBOR-Reuters,2W,2015-03-31,-0.00044052
EUR-EURIBOR-Reuters,2W,2015-04-01,-0.00046976
EUR-EURIBOR-Reuters,2W,2015-04-02,-0.00051075
EUR-EURIBOR-Reuters,2W,2015-04-03,-0.00050997
EUR-EURIBOR-Reuters,2W,2015-04-06,-0.00050902
EUR-EURIBOR-Reuters,2W,2015-04-07,-0.00053979
EUR-EURIBOR-Reuters,2W,2015-04-08,-0.00056044
EUR-EURIBOR-Reuters,2W,2015-04-09,-0.00060011
EUR-EURIBOR-Reuters,2W,2015-04-10,-0.00062043
EUR-EURIBOR-Reuters,2W,2015-04-13,-0.00063903
EUR-EURIBOR-Reuters,2W,2015-04-14,-0.00069978
EUR-EURIBOR-Reuters,2W,2015-04-15,-0.00069949
EUR-EURIBOR-Reuters,2W,2015-04-16,-0.00068907
EUR-EURIBOR-Reuters,2W,2015-04-17,-0.00068918
EUR-EURIBOR-Reuters,2W,2015-04-20,-0.00069005
EUR-EURIBOR-Reuters,2W,2015-04-21,-0.00067902
EUR-EURIBOR-Reuters,2W,2015-04-22,-0.00068905
EUR-EURIBOR-Reuters,2W,2015-04-23,-0.00071008
EUR-EURIBOR-Reuters,2W,2015-04-24,-0.00072059
EUR-EURIBOR-Reuters,2W,2015-04-27,-0.00074013
EUR-EURIBOR-Reuters,2W,2015-04-28,-0.00072002
EUR-EURIBOR-Reuters,2W,2015-04-29,-0.00079029
EUR-EURIBOR-Reuters,2W,2015-04-30,-0.00080965
EUR-EURIBOR-Reuters,2W,2015-05-01,-0.00081054
EUR-EURIBOR-Reuters,2W,2015-05-04,-0.00082990
EUR-EURIBOR-Reuters,2W,2015-05-05,-0.00087072
EUR-EURIBOR-Reuters,2W,2015-05-06,-0.00091034
EUR-EURIBOR-Reuters,2W,2015-05-07,-0.00091009
EUR-EURIBOR-Reuters,2W,2015-05-08,-0.00090943
EUR-EURIBOR-Reuters,2W,2015-05-11,-0.00092911
EUR-EURIBOR-Reuters,2W,2015-05-12,-0.00095049
EUR-EURIBOR-Reuters,2W,2015-05-13,-0.00096972
EUR-EURIBOR-Reuters,2W,2015-05-14,-0.00094080
EUR-EURIBOR-Reuters,2W,2015-05-15,-0.00095957
EUR-EURIBOR-Reuters,2W,2015-05-18,-0.00096052
EUR-EURIBOR-Reuters,2W,2015-05-19,-0.00097968
EUR-EURIBOR-Reuters,2W,2015-05-20,-0.00098097
EUR-EURIBOR-Reuters,2W,2015-05-21,-0.00098081
EUR-EURIBOR-Reuters,2W,2015-05-22,-0.00097996
EUR-EURIBOR-Reuters,2W,2015-05-25,-0.00100050
EUR-EURIBOR-Reuters,2W,2015-05-26,-0.00099540
EUR-EURIBOR-Reuters,2W,2015-05-27,-0.00100650
EUR-EURIBOR-Reuters,2W,2015-05-28,-0.00107370
EUR-EURIBOR-Reuters,2W,2015-05-29,-0.00109900
EUR-EURIBOR-Reuters,2W,2015-06-01,-0.00108430
EUR-EURIBOR-Reuters,2W,2015-06-02,-0.00108830
EUR-EURIBOR-Reuters,2W,2015-06-03,-0.00108370
EUR-EURIBOR-Reuters,3M,2015-03-02,0.00038965
EUR-EURIBOR-Reuters,3M,2015-03-03,0.00038004
EUR-EURIBOR-Reuters,3M,2015-03-04,0.00037961
EUR-EURIBOR-Reuters,3M,2015-03-05,0.00035975
EUR-EURIBOR-Reuters,3M,2015-03-06,0.00035942
EUR-EURIBOR-Reuters,3M,2015-03-09,0.00035068
EUR-EURIBOR-Reuters,3M,2015-03-10,0.00032048
EUR-EURIBOR-Reuters,3M,2015-03-11,0.00029021
EUR-EURIBOR-Reuters,3M,2015-03-12,0.00026939
EUR-EURIBOR-Reuters,3M,2015-03-13,0.00025041
EUR-EURIBOR-Reuters,3M,2015-03-16,0.00025045
EUR-EURIBOR-Reuters,3M,2015-03-17,0.00025096
EUR-EURIBOR-Reuters,3M,2015-03-18,0.00024995
EUR-EURIBOR-Reuters,3M,2015-03-19,0.00023965
EUR-EURIBOR-Reuters,3M,2015-03-20,0.00020952
EUR-EURIBOR-Reuters,3M,2015-03-23,0.00021962
EUR-EURIBOR-Reuters,3M,2015-03-24,0.00021086
EUR-EURIBOR-Reuters,3M,2015-03-25,0.00020995
EUR-EURIBOR-Reuters,3M,2015-03-26,0.00020940
EUR-EURIBOR-Reuters,3M,2015-03-27,0.00020975
EUR-EURIBOR-Reuters,3M,2015-03-30,0.00018033
EUR-EURIBOR-Reuters,3M,2015-03-31,0.00018939
EUR-EURIBOR-Reuters,3M,2015-04-01,0.00018018
EUR-EURIBOR-Reuters,3M,2015-04-02,0.00018042
EUR-EURIBOR-Reuters,3M,2015-04-03,0.00017956
EUR-EURIBOR-Reuters,3M,2015-04-06,0.00017972
EUR-EURIBOR-Reuters,3M,2015-04-07,0.00016029
EUR-EURIBOR-Reuters,3M,2015-04-08,0.00013973
EUR-EURIBOR-Reuters,3M,2015-04-09,0.00011927
EUR-EURIBOR-Reuters,3M,2015-04-10,0.00012005
EUR-EURIBOR-Reuters,3M,2015-04-13,0.00010989
EUR-EURIBOR-Reuters,3M,2015-04-14,0.00008010
EUR-EURIBOR-Reuters,3M,2015-04-15,0.00003991
EUR-EURIBOR-Reuters,3M,2015-04-16,0.00001997
EUR-EURIBOR-Reuters,3M,2015-04-17,0.00001009
EUR-EURIBOR-Reuters,3M,2015-04-20,0.00001002
EUR-EURIBOR-Reuters,3M,2015-04-21,-0.00000999
EUR-EURIBOR-Reuters,3M,2015-04-22,-0.00001996
EUR-EURIBOR-Reuters,3M,2015-04-23,-0.00001997
EUR-EURIBOR-Reuters,3M,2015-04-24,-0.00000999
EUR-EURIBOR-Reuters,3M,2015-04-27,-0.00002000
EUR-EURIBOR-Reuters,3M,2015-04-28,-0.00004994
EUR-EURIBOR-Reuters,3M,2015-04-29,-0.00004999
EUR-EURIBOR-Reuters,3M,2015-04-30,-0.00005009
EUR-EURIBOR-Reuters,3M,2015-05-01,-0.00005006
EUR-EURIBOR-Reuters,3M,2015-05-04,-0.00007003
EUR-EURIBOR-Reuters,3M,2015-05-05,-0.00008009
EUR-EURIBOR-Reuters,3M,2015-05-06,-0.00008005
EUR-EURIBOR-Reuters,3M,2015-05-07,-0.00009002
EUR-EURIBOR-Reuters,3M,2015-05-08,-0.00009007
EUR-EURIBOR-Reuters,3M,2015-05-11,-0.00009003
EUR-EURIBOR-Reuters,3M,2015-05-12,-0.00008995
EUR-EURIBOR-Reuters,3M,2015-05-13,-0.00008998
EUR-EURIBOR-Reuters,3M,2015-05-14,-0.00009001
EUR-EURIBOR-Reuters,3M,2015-05-15,-0.00010058
EUR-EURIBOR-Reuters,3M,2015-05-18,-0.00010957
EUR-EURIBOR-Reuters,3M,2015-05-19,-0.00012099
EUR-EURIBOR-Reuters,3M,2015-05-20,-0.00012062
EUR-EURIBOR-Reuters,3M,2015-05-21,-0.00012037
EUR-EURIBOR-Reuters,3M,2015-05-22,-0.00011966
EUR-EURIBOR-Reuters,3M,2015-05-25,-0.00011938
EUR-EURIBOR-Reuters,3M,2015-05-26,-0.00013051
EUR-EURIBOR-Reuters,3M,2015-05-27,-0.00012924
EUR-EURIBOR-Reuters,3M,2015-05-28,-0.00013089
EUR-EURIBOR-Reuters,3M,2015-05-29,-0.00012005
EUR-EURIBOR-Reuters,3M,2015-06-01,-0.00012935
EUR-EURIBOR-Reuters,3M,2015-06-02,-0.00013029
EUR-EURIBOR-Reuters,3M,2015-06-03,-0.00014031
EUR-EURIBOR-Reuters,6M,2015-03-02,0.00109890
EUR-EURIBOR-Reuters,6M,2015-03-03,0.00108800
EUR-EURIBOR-Reuters,6M,2015-03-04,0.00109790
EUR-EURIBOR-Reuters,6M,2015-03-05,0.00107340
EUR-EURIBOR-Reuters,6M,2015-03-06,0.00107730
EUR-EURIBOR-Reuters,6M,2015-03-09,0.00105120
EUR-EURIBOR-Reuters,6M,2015-03-10,0.00102600
EUR-EURIBOR-Reuters,6M,2015-03-11,0.00099072
EUR-EURIBOR-Reuters,6M,2015-03-12,0.00098009
EUR-EURIBOR-Reuters,6M,2015-03-13,0.00096050
EUR-EURIBOR-Reuters,6M,2015-03-16,0.00096032
EUR-EURIBOR-Reuters,6M,2015-03-17,0.00095003
EUR-EURIBOR-Reuters,6M,2015-03-18,0.00096076
EUR-EURIBOR-Reuters,6M,2015-03-19,0.00094092
EUR-EURIBOR-Reuters,6M,2015-03-20,0.00088986
EUR-EURIBOR-Reuters,6M,2015-03-23,0.00088920
EUR-EURIBOR-Reuters,6M,2015-03-24,0.00089060
EUR-EURIBOR-Reuters,6M,2015-03-25,0.00088016
EUR-EURIBOR-Reuters,6M,2015-03-26,0.00088967
EUR-EURIBOR-Reuters,6M,2015-03-27,0.00088088
EUR-EURIBOR-Reuters,6M,2015-03-30,0.00086955
EUR-EURIBOR-Reuters,6M,2015-03-31,0.00086972
EUR-EURIBOR-Reuters,6M,2015-04-01,0.00088002
EUR-EURIBOR-Reuters,6M,2015-04-02,0.00086057
EUR-EURIBOR-Reuters,6M,2015-04-03,0.00085918
EUR-EURIBOR-Reuters,6M,2015-04-06,0.00085980
EUR-EURIBOR-Reuters,6M,2015-04-07,0.00084980
EUR-EURIBOR-Reuters,6M,2015-04-08,0.00080977
EUR-EURIBOR-Reuters,6M,2015-04-09,0.00081009
EUR-EURIBOR-Reuters,6M,2015-04-10,0.00078952
EUR-EURIBOR-Reuters,6M,2015-04-13,0.00078004
EUR-EURIBOR-Reuters,6M,2015-04-14,0.00076001
EUR-EURIBOR-Reuters,6M,2015-04-15,0.00072033
EUR-EURIBOR-Reuters,6M,2015-04-16,0.00070019
EUR-EURIBOR-Reuters,6M,2015-04-17,0.00067998
EUR-EURIBOR-Reuters,6M,2015-04-20,0.00069048
EUR-EURIBOR-Reuters,6M,2015-04-21,0.00068905
EUR-EURIBOR-Reuters,6M,2015-04-22,0.00068014
EUR-EURIBOR-Reuters,6M,2015-04-23,0.00065962
EUR-EURIBOR-Reuters,6M,2015-04-24,0.00066034
EUR-EURIBOR-Reuters,6M,2015-04-27,0.00066967
EUR-EURIBOR-Reuters,6M,2015-04-28,0.00061955
EUR-EURIBOR-Reuters,6M,2015-04-29,0.00060972
EUR-EURIBOR-Reuters,6M,2015-04-30,0.00064067
EUR-EURIBOR-Reuters,6M,2015-05-01,0.00064038
EUR-EURIBOR-Reuters,6M,2015-05-04,0.00063968
EUR-EURIBOR-Reuters,6M,2015-05-05,0.00061037
EUR-EURIBOR-Reuters,6M,2015-05-06,0.00061958
EUR-EURIBOR-Reuters,6M,2015-05-07,0.00061009
EUR-EURIBOR-Reuters,6M,2015-05-08,0.00060956
EUR-EURIBOR-Reuters,6M,2015-05-11,0.00060969
EUR-EURIBOR-Reuters,6M,2015-05-12,0.00061086
EUR-EURIBOR-Reuters,6M,2015-05-13,0.00059929
EUR-EURIBOR-Reuters,6M,2015-05-14,0.00058909
EUR-EURIBOR-Reuters,6M,2015-05-15,0.00057960
EUR-EURIBOR-Reuters,6M,2015-05-18,0.00055956
EUR-EURIBOR-Reuters,6M,2015-05-19,0.00057003
EUR-EURIBOR-Reuters,6M,2015-05-20,0.00055006
EUR-EURIBOR-Reuters,6M,2015-05-21,0.00054092
EUR-EURIBOR-Reuters,6M,2015-05-22,0.00054061
EUR-EURIBOR-Reuters,6M,2015-05-25,0.00054074
EUR-EURIBOR-Reuters,6M,2015-05-26,0.00052043
EUR-EURIBOR-Reuters,6M,2015-05-27,0.00049919
EUR-EURIBOR-Reuters,6M,2015-05-28,0.00049057
EUR-EURIBOR-Reuters,6M,2015-05-29,0.00049039
EUR-EURIBOR-Reuters,6M,2015-06-01,0.00049061
EUR-EURIBOR-Reuters,6M,2015-06-02,0.00047934
EUR-EURIBOR-Reuters,6M,2015-06-03,0.00047925
EUR-EURIBOR-Reuters,9M,2015-03-02,0.00160230
EUR-EURIBOR-Reuters,9M,2015-03-03,0.00159210
EUR-EURIBOR-Reuters,9M,2015-03-04,0.00157070
EUR-EURIBOR-Reuters,9M,2015-03-05,0.00157640
EUR-EURIBOR-Reuters,9M,2015-03-06,0.00157500
EUR-EURIBOR-Reuters,9M,2015-03-09,0.00154340
EUR-EURIBOR-Reuters,9M,2015-03-10,0.00152350
EUR-EURIBOR-Reuters,9M,2015-03-11,0.00148960
EUR-EURIBOR-Reuters,9M,2015-03-12,0.00145510
EUR-EURIBOR-Reuters,9M,2015-03-13,0.00144350
EUR-EURIBOR-Reuters,9M,2015-03-16,0.00141900
EUR-EURIBOR-Reuters,9M,2015-03-17,0.00139320
EUR-EURIBOR-Reuters,9M,2015-03-18,0.00141070
EUR-EURIBOR-Reuters,9M,2015-03-19,0.00141960
EUR-EURIBOR-Reuters,9M,2015-03-20,0.00138610
EUR-EURIBOR-Reuters,9M,2015-03-23,0.00137780
EUR-EURIBOR-Reuters,9M,2015-03-24,0.00139140
EUR-EURIBOR-Reuters,9M,2015-03-25,0.00138200
EUR-EURIBOR-Reuters,9M,2015-03-26,0.00137950
EUR-EURIBOR-Reuters,9M,2015-03-27,0.00137760
EUR-EURIBOR-Reuters,9M,2015-03-30,0.00137950
EUR-EURIBOR-Reuters,9M,2015-03-31,0.00137210
EUR-EURIBOR-Reuters,9M,2015-04-01,0.00135040
EUR-EURIBOR-Reuters,9M,2015-04-02,0.00135020
EUR-EURIBOR-Reuters,9M,2015-04-03,0.00134580
EUR-EURIBOR-Reuters,9M,2015-04-06,0.00134540
EUR-EURIBOR-Reuters,9M,2015-04-07,0.00134140
EUR-EURIBOR-Reuters,9M,2015-04-08,0.00130250
EUR-EURIBOR-Reuters,9M,2015-04-09,0.00129190
EUR-EURIBOR-Reuters,9M,2015-04-10,0.00129010
EUR-EURIBOR-Reuters,9M,2015-04-13,0.00126710
EUR-EURIBOR-Reuters,9M,2015-04-14,0.00124260
EUR-EURIBOR-Reuters,9M,2015-04-15,0.00121160
EUR-EURIBOR-Reuters,9M,2015-04-16,0.00118940
EUR-EURIBOR-Reuters,9M,2015-04-17,0.00118680
EUR-EURIBOR-Reuters,9M,2015-04-20,0.00118890
EUR-EURIBOR-Reuters,9M,2015-04-21,0.00119770
EUR-EURIBOR-Reuters,9M,2015-04-22,0.00118730
EUR-EURIBOR-Reuters,9M,2015-04-23,0.00116180
EUR-EURIBOR-Reuters,9M,2015-04-24,0.00115640
EUR-EURIBOR-Reuters,9M,2015-04-27,0.00113090
EUR-EURIBOR-Reuters,9M,2015-04-28,0.00109640
EUR-EURIBOR-Reuters,9M,2015-04-29,0.00110120
EUR-EURIBOR-Reuters,9M,2015-04-30,0.00110690
EUR-EURIBOR-Reuters,9M,2015-05-01,0.00110260
EUR-EURIBOR-Reuters,9M,2015-05-04,0.00109860
EUR-EURIBOR-Reuters,9M,2015-05-05,0.00108200
EUR-EURIBOR-Reuters,9M,2015-05-06,0.00109440
EUR-EURIBOR-Reuters,9M,2015-05-07,0.00107530
EUR-EURIBOR-Reuters,9M,2015-05-08,0.00108850
EUR-EURIBOR-Reuters,9M,2015-05-11,0.00108080
EUR-EURIBOR-Reuters,9M,2015-05-12,0.00108080
EUR-EURIBOR-Reuters,9M,2015-05-13,0.00108010
EUR-EURIBOR-Reuters,9M,2015-05-14,0.00105470
EUR-EURIBOR-Reuters,9M,2015-05-15,0.00106360
EUR-EURIBOR-Reuters,9M,2015-05-18,0.00104770
EUR-EURIBOR-Reuters,9M,2015-05-19,0.00103210
EUR-EURIBOR-Reuters,9M,2015-05-20,0.00100660
EUR-EURIBOR-Reuters,9M,2015-05-21,0.00100730
EUR-EURIBOR-Reuters,9M,2015-05-22,0.00101160
EUR-EURIBOR-Reuters,9M,2015-05-25,0.00102290
EUR-EURIBOR-Reuters,9M,2015-05-26,0.00100400
EUR-EURIBOR-Reuters,9M,2015-05-27,0.00099310
EUR-EURIBOR-Reuters,9M,2015-05-28,0.00097943
EUR-EURIBOR-Reuters,9M,2015-05-29,0.00098979
EUR-EURIBOR-Reuters,9M,2015-06-01,0.00098974
EUR-EURIBOR-Reuters,9M,2015-06-02,0.00098055
EUR-EURIBOR-Reuters,9M,2015-06-03,0.00097939
GBP.UK-RPI,,2015-03-01,256.71000000
GBP.UK-RPI,,2015-04-01,257.32000000
GBP.UK-RPI,,2015-05-01,259.23000000
GBP-LIBOR-BBA,12M,2015-03-02,0.00979550
GBP-LIBOR-BBA,12M,2015-03-03,0.00978760
GBP-LIBOR-BBA,12M,2015-03-04,0.00982990
GBP-LIBOR-BBA,12M,2015-03-05,0.00983630
GBP-LIBOR-BBA,12M,2015-03-06,0.00985290
GBP-LIBOR-BBA,12M,2015-03-09,0.00991890
GBP-LIBOR-BBA,12M,2015-03-10,0.00991860
GBP-LIBOR-BBA,12M,2015-03-11,0.00985310
GBP-LIBOR-BBA,12M,2015-03-12,0.00981210
GBP-LIBOR-BBA,12M,2015-03-13,0.00979680
GBP-LIBOR-BBA,12M,2015-03-16,0.00976540
GBP-LIBOR-BBA,12M,2015-03-17,0.00974600
GBP-LIBOR-BBA,12M,2015-03-18,0.00970910
GBP-LIBOR-BBA,12M,2015-03-19,0.00968780
GBP-LIBOR-BBA,12M,2015-03-20,0.00968130
GBP-LIBOR-BBA,12M,2015-03-23,0.00959900
GBP-LIBOR-BBA,12M,2015-03-24,0.00961590
GBP-LIBOR-BBA,12M,2015-03-25,0.00961540
GBP-LIBOR-BBA,12M,2015-03-26,0.00962180
GBP-LIBOR-BBA,12M,2015-03-27,0.00967800
GBP-LIBOR-BBA,12M,2015-03-30,0.00965230
GBP-LIBOR-BBA,12M,2015-03-31,0.00966090
GBP-LIBOR-BBA,12M,2015-04-01,0.00969220
GBP-LIBOR-BBA,12M,2015-04-02,0.00966570
GBP-LIBOR-BBA,12M,2015-04-03,0.00966650
GBP-LIBOR-BBA,12M,2015-04-06,0.00967480
GBP-LIBOR-BBA,12M,2015-04-07,0.00968710
GBP-LIBOR-BBA,12M,2015-04-08,0.00970160
GBP-LIBOR-BBA,12M,2015-04-09,0.00972450
GBP-LIBOR-BBA,12M,2015-04-10,0.00971690
GBP-LIBOR-BBA,12M,2015-04-13,0.00972650
GBP-LIBOR-BBA,12M,2015-04-14,0.00971050
GBP-LIBOR-BBA,12M,2015-04-15,0.00972580
GBP-LIBOR-BBA,12M,2015-04-16,0.00972240
GBP-LIBOR-BBA,12M,2015-04-17,0.00975560
GBP-LIBOR-BBA,12M,2015-04-20,0.00974440
GBP-LIBOR-BBA,12M,2015-04-21,0.00973920
GBP-LIBOR-BBA,12M,2015-04-22,0.00980410
GBP-LIBOR-BBA,12M,2015-04-23,0.00990090
GBP-LIBOR-BBA,12M,2015-04-24,0.00992390
GBP-LIBOR-BBA,12M,2015-04-27,0.00990380
GBP-LIBOR-BBA,12M,2015-04-28,0.00986690
GBP-LIBOR-BBA,12M,2015-04-29,0.00990720
GBP-LIBOR-BBA,12M,2015-04-30,0.00990770
GBP-LIBOR-BBA,12M,2015-05-01,0.00989980
GBP-LIBOR-BBA,12M,2015-05-04,0.00989840
GBP-LIBOR-BBA,12M,2015-05-05,0.00993760
GBP-LIBOR-BBA,12M,2015-05-06,0.01000240
GBP-LIBOR-BBA,12M,2015-05-07,0.01013500
GBP-LIBOR-BBA,12M,2015-05-08,0.00997510
GBP-LIBOR-BBA,12M,2015-05-11,0.00997510
GBP-LIBOR-BBA,12M,2015-05-12,0.01001000
GBP-LIBOR-BBA,12M,2015-05-13,0.00999770
GBP-LIBOR-BBA,12M,2015-05-14,0.00997340
GBP-LIBOR-BBA,12M,2015-05-15,0.00997650
GBP-LIBOR-BBA,12M,2015-05-18,0.00994360
GBP-LIBOR-BBA,12M,2015-05-19,0.00991630
GBP-LIBOR-BBA,12M,2015-05-20,0.00996070
GBP-LIBOR-BBA,12M,2015-05-21,0.00999510
GBP-LIBOR-BBA,12M,2015-05-22,0.00999170
GBP-LIBOR-BBA,12M,2015-05-25,0.00999380
GBP-LIBOR-BBA,12M,2015-05-26,0.01007600
GBP-LIBOR-BBA,12M,2015-05-27,0.01010800
GBP-LIBOR-BBA,12M,2015-05-28,0.00999080
GBP-LIBOR-BBA,12M,2015-05-29,0.00998940
GBP-LIBOR-BBA,12M,2015-06-01,0.00999030
GBP-LIBOR-BBA,12M,2015-06-02,0.00998400
GBP-LIBOR-BBA,12M,2015-06-03,0.01006100
GBP-LIBOR-BBA,1M,2015-03-02,0.00501000
GBP-LIBOR-BBA,1M,2015-03-03,0.00500820
GBP-LIBOR-BBA,1M,2015-03-04,0.00504970
GBP-LIBOR-BBA,1M,2015-03-05,0.00503580
GBP-LIBOR-BBA,1M,2015-03-06,0.00505030
GBP-LIBOR-BBA,1M,2015-03-09,0.00505270
GBP-LIBOR-BBA,1M,2015-03-10,0.00502400
GBP-LIBOR-BBA,1M,2015-03-11,0.00500180
GBP-LIBOR-BBA,1M,2015-03-12,0.00503650
GBP-LIBOR-BBA,1M,2015-03-13,0.00507300
GBP-LIBOR-BBA,1M,2015-03-16,0.00507430
GBP-LIBOR-BBA,1M,2015-03-17,0.00506810
GBP-LIBOR-BBA,1M,2015-03-18,0.00504500
GBP-LIBOR-BBA,1M,2015-03-19,0.00508220
GBP-LIBOR-BBA,1M,2015-03-20,0.00506210
GBP-LIBOR-BBA,1M,2015-03-23,0.00502510
GBP-LIBOR-BBA,1M,2015-03-24,0.00502300
GBP-LIBOR-BBA,1M,2015-03-25,0.00503440
GBP-LIBOR-BBA,1M,2015-03-26,0.00503220
GBP-LIBOR-BBA,1M,2015-03-27,0.00503800
GBP-LIBOR-BBA,1M,2015-03-30,0.00503080
GBP-LIBOR-BBA,1M,2015-03-31,0.00503510
GBP-LIBOR-BBA,1M,2015-04-01,0.00507130
GBP-LIBOR-BBA,1M,2015-04-02,0.00507660
GBP-LIBOR-BBA,1M,2015-04-03,0.00508620
GBP-LIBOR-BBA,1M,2015-04-06,0.00507550
GBP-LIBOR-BBA,1M,2015-04-07,0.00507060
GBP-LIBOR-BBA,1M,2015-04-08,0.00504460
GBP-LIBOR-BBA,1M,2015-04-09,0.00503420
GBP-LIBOR-BBA,1M,2015-04-10,0.00502790
GBP-LIBOR-BBA,1M,2015-04-13,0.00503690
GBP-LIBOR-BBA,1M,2015-04-14,0.00505600
GBP-LIBOR-BBA,1M,2015-04-15,0.00502860
GBP-LIBOR-BBA,1M,2015-04-16,0.00502780
GBP-LIBOR-BBA,1M,2015-04-17,0.00502440
GBP-LIBOR-BBA,1M,2015-04-20,0.00505130
GBP-LIBOR-BBA,1M,2015-04-21,0.00508090
GBP-LIBOR-BBA,1M,2015-04-22,0.00506310
GBP-LIBOR-BBA,1M,2015-04-23,0.00506200
GBP-LIBOR-BBA,1M,2015-04-24,0.00508210
GBP-LIBOR-BBA,1M,2015-04-27,0.00505610
GBP-LIBOR-BBA,1M,2015-04-28,0.00505460
GBP-LIBOR-BBA,1M,2015-04-29,0.00507610
GBP-LIBOR-BBA,1M,2015-04-30,0.00507300
GBP-LIBOR-BBA,1M,2015-05-01,0.00507130
GBP-LIBOR-BBA,1M,2015-05-04,0.00505870
GBP-LIBOR-BBA,1M,2015-05-05,0.00506330
GBP-LIBOR-BBA,1M,2015-05-06,0.00505820
GBP-LIBOR-BBA,1M,2015-05-07,0.00506530
GBP-LIBOR-BBA,1M,2015-05-08,0.00509280
GBP-LIBOR-BBA,1M,2015-05-11,0.00509820
GBP-LIBOR-BBA,1M,2015-05-12,0.00507630
GBP-LIBOR-BBA,1M,2015-05-13,0.00504430
GBP-LIBOR-BBA,1M,2015-05-14,0.00504760
GBP-LIBOR-BBA,1M,2015-05-15,0.00507140
GBP-LIBOR-BBA,1M,2015-05-18,0.00504020
GBP-LIBOR-BBA,1M,2015-05-19,0.00506420
GBP-LIBOR-BBA,1M,2015-05-20,0.00506330
GBP-LIBOR-BBA,1M,2015-05-21,0.00506460
GBP-LIBOR-BBA,1M,2015-05-22,0.00510210
GBP-LIBOR-BBA,1M,2015-05-25,0.00510470
GBP-LIBOR-BBA,1M,2015-05-26,0.00504680
GBP-LIBOR-BBA,1M,2015-05-27,0.00507270
GBP-LIBOR-BBA,1M,2015-05-28,0.00506770
GBP-LIBOR-BBA,1M,2015-05-29,0.00506620
GBP-LIBOR-BBA,1M,2015-06-01,0.00508470
GBP-LIBOR-BBA,1M,2015-06-02,0.00509300
GBP-LIBOR-BBA,1M,2015-06-03,0.00506060
GBP-LIBOR-BBA,1W,2015-03-02,0.00483380
GBP-LIBOR-BBA,1W,2015-03-03,0.00484050
GBP-LIBOR-BBA,1W,2015-03-04,0.00483970
GBP-LIBOR-BBA,1W,2015-03-05,0.00484260
GBP-LIBOR-BBA,1W,2015-03-06,0.00483930
GBP-LIBOR-BBA,1W,2015-03-09,0.00484520
GBP-LIBOR-BBA,1W,2015-03-10,0.00483620
GBP-LIBOR-BBA,1W,2015-03-11,0.00482830
GBP-LIBOR-BBA,1W,2015-03-12,0.00484140
GBP-LIBOR-BBA,1W,2015-03-13,0.00486350
GBP-LIBOR-BBA,1W,2015-03-16,0.00484050
GBP-LIBOR-BBA,1W,2015-03-17,0.00483570
GBP-LIBOR-BBA,1W,2015-03-18,0.00484480
GBP-LIBOR-BBA,1W,2015-03-19,0.00482310
GBP-LIBOR-BBA,1W,2015-03-20,0.00485960
GBP-LIBOR-BBA,1W,2015-03-23,0.00485380
GBP-LIBOR-BBA,1W,2015-03-24,0.00485750
GBP-LIBOR-BBA,1W,2015-03-25,0.00486070
GBP-LIBOR-BBA,1W,2015-03-26,0.00487030
GBP-LIBOR-BBA,1W,2015-03-27,0.00485020
GBP-LIBOR-BBA,1W,2015-03-30,0.00484220
GBP-LIBOR-BBA,1W,2015-03-31,0.00484190
GBP-LIBOR-BBA,1W,2015-04-01,0.00486130
GBP-LIBOR-BBA,1W,2015-04-02,0.00485750
GBP-LIBOR-BBA,1W,2015-04-03,0.00486160
GBP-LIBOR-BBA,1W,2015-04-06,0.00485980
GBP-LIBOR-BBA,1W,2015-04-07,0.00486820
GBP-LIBOR-BBA,1W,2015-04-08,0.00485460
GBP-LIBOR-BBA,1W,2015-04-09,0.00485570
GBP-LIBOR-BBA,1W,2015-04-10,0.00484480
GBP-LIBOR-BBA,1W,2015-04-13,0.00485570
GBP-LIBOR-BBA,1W,2015-04-14,0.00484570
GBP-LIBOR-BBA,1W,2015-04-15,0.00485060
GBP-LIBOR-BBA,1W,2015-04-16,0.00484050
GBP-LIBOR-BBA,1W,2015-04-17,0.00485930
GBP-LIBOR-BBA,1W,2015-04-20,0.00484070
GBP-LIBOR-BBA,1W,2015-04-21,0.00484530
GBP-LIBOR-BBA,1W,2015-04-22,0.00485920
GBP-LIBOR-BBA,1W,2015-04-23,0.00485320
GBP-LIBOR-BBA,1W,2015-04-24,0.00486620
GBP-LIBOR-BBA,1W,2015-04-27,0.00486670
GBP-LIBOR-BBA,1W,2015-04-28,0.00491040
GBP-LIBOR-BBA,1W,2015-04-29,0.00489220
GBP-LIBOR-BBA,1W,2015-04-30,0.00490370
GBP-LIBOR-BBA,1W,2015-05-01,0.00490780
GBP-LIBOR-BBA,1W,2015-05-04,0.00490370
GBP-LIBOR-BBA,1W,2015-05-05,0.00485350
GBP-LIBOR-BBA,1W,2015-05-06,0.00485280
GBP-LIBOR-BBA,1W,2015-05-07,0.00486230
GBP-LIBOR-BBA,1W,2015-05-08,0.00490130
GBP-LIBOR-BBA,1W,2015-05-11,0.00488130
GBP-LIBOR-BBA,1W,2015-05-12,0.00484590
GBP-LIBOR-BBA,1W,2015-05-13,0.00485700
GBP-LIBOR-BBA,1W,2015-05-14,0.00486190
GBP-LIBOR-BBA,1W,2015-05-15,0.00490600
GBP-LIBOR-BBA,1W,2015-05-18,0.00487880
GBP-LIBOR-BBA,1W,2015-05-19,0.00485550
GBP-LIBOR-BBA,1W,2015-05-20,0.00485380
GBP-LIBOR-BBA,1W,2015-05-21,0.00485200
GBP-LIBOR-BBA,1W,2015-05-22,0.00485180
GBP-LIBOR-BBA,1W,2015-05-25,0.00485450
GBP-LIBOR-BBA,1W,2015-05-26,0.00486440
GBP-LIBOR-BBA,1W,2015-05-27,0.00485260
GBP-LIBOR-BBA,1W,2015-05-28,0.00483960
GBP-LIBOR-BBA,1W,2015-05-29,0.00488190
GBP-LIBOR-BBA,1W,2015-06-01,0.00490690
GBP-LIBOR-BBA,1W,2015-06-02,0.00489080
GBP-LIBOR-BBA,1W,2015-06-03,0.00484650
GBP-LIBOR-BBA,2M,2015-03-02,0.00531920
GBP-LIBOR-BBA,2M,2015-03-03,0.00532150
GBP-LIBOR-BBA,2M,2015-03-04,0.00533470
GBP-LIBOR-BBA,2M,2015-03-05,0.00535280
GBP-LIBOR-BBA,2M,2015-03-06,0.00531170
GBP-LIBOR-BBA,2M,2015-03-09,0.00531140
GBP-LIBOR-BBA,2M,2015-03-10,0.00533640
GBP-LIBOR-BBA,2M,2015-03-11,0.00530510
GBP-LIBOR-BBA,2M,2015-03-12,0.00534860
GBP-LIBOR-BBA,2M,2015-03-13,0.00535790
GBP-LIBOR-BBA,2M,2015-03-16,0.00533840
GBP-LIBOR-BBA,2M,2015-03-17,0.00537890
GBP-LIBOR-BBA,2M,2015-03-18,0.00532710
GBP-LIBOR-BBA,2M,2015-03-19,0.00535340
GBP-LIBOR-BBA,2M,2015-03-20,0.00534880
GBP-LIBOR-BBA,2M,2015-03-23,0.00533700
GBP-LIBOR-BBA,2M,2015-03-24,0.00533770
GBP-LIBOR-BBA,2M,2015-03-25,0.00534740
GBP-LIBOR-BBA,2M,2015-03-26,0.00537440
GBP-LIBOR-BBA,2M,2015-03-27,0.00537700
GBP-LIBOR-BBA,2M,2015-03-30,0.00542410
GBP-LIBOR-BBA,2M,2015-03-31,0.00542420
GBP-LIBOR-BBA,2M,2015-04-01,0.00540800
GBP-LIBOR-BBA,2M,2015-04-02,0.00539620
GBP-LIBOR-BBA,2M,2015-04-03,0.00539800
GBP-LIBOR-BBA,2M,2015-04-06,0.00540130
GBP-LIBOR-BBA,2M,2015-04-07,0.00541510
GBP-LIBOR-BBA,2M,2015-04-08,0.00544040
GBP-LIBOR-BBA,2M,2015-04-09,0.00544440
GBP-LIBOR-BBA,2M,2015-04-10,0.00544140
GBP-LIBOR-BBA,2M,2015-04-13,0.00541980
GBP-LIBOR-BBA,2M,2015-04-14,0.00543060
GBP-LIBOR-BBA,2M,2015-04-15,0.00543330
GBP-LIBOR-BBA,2M,2015-04-16,0.00539340
GBP-LIBOR-BBA,2M,2015-04-17,0.00539370
GBP-LIBOR-BBA,2M,2015-04-20,0.00537590
GBP-LIBOR-BBA,2M,2015-04-21,0.00541760
GBP-LIBOR-BBA,2M,2015-04-22,0.00541540
GBP-LIBOR-BBA,2M,2015-04-23,0.00540470
GBP-LIBOR-BBA,2M,2015-04-24,0.00540560
GBP-LIBOR-BBA,2M,2015-04-27,0.00537620
GBP-LIBOR-BBA,2M,2015-04-28,0.00539110
GBP-LIBOR-BBA,2M,2015-04-29,0.00539070
GBP-LIBOR-BBA,2M,2015-04-30,0.00537580
GBP-LIBOR-BBA,2M,2015-05-01,0.00537580
GBP-LIBOR-BBA,2M,2015-05-04,0.00538880
GBP-LIBOR-BBA,2M,2015-05-05,0.00535640
GBP-LIBOR-BBA,2M,2015-05-06,0.00536770
GBP-LIBOR-BBA,2M,2015-05-07,0.00536100
GBP-LIBOR-BBA,2M,2015-05-08,0.00537320
GBP-LIBOR-BBA,2M,2015-05-11,0.00538280
GBP-LIBOR-BBA,2M,2015-05-12,0.00536800
GBP-LIBOR-BBA,2M,2015-05-13,0.00535230
GBP-LIBOR-BBA,2M,2015-05-14,0.00534690
GBP-LIBOR-BBA,2M,2015-05-15,0.00535040
GBP-LIBOR-BBA,2M,2015-05-18,0.00535810
GBP-LIBOR-BBA,2M,2015-05-19,0.00540160
GBP-LIBOR-BBA,2M,2015-05-20,0.00541010
GBP-LIBOR-BBA,2M,2015-05-21,0.00540950
GBP-LIBOR-BBA,2M,2015-05-22,0.00541510
GBP-LIBOR-BBA,2M,2015-05-25,0.00541380
GBP-LIBOR-BBA,2M,2015-05-26,0.00538430
GBP-LIBOR-BBA,2M,2015-05-27,0.00541620
GBP-LIBOR-BBA,2M,2015-05-28,0.00541670
GBP-LIBOR-BBA,2M,2015-05-29,0.00538270
GBP-LIBOR-BBA,2M,2015-06-01,0.00537010
GBP-LIBOR-BBA,2M,2015-06-02,0.00536810
GBP-LIBOR-BBA,2M,2015-06-03,0.00536580
GBP-LIBOR-BBA,3M,2015-03-02,0.00560740
GBP-LIBOR-BBA,3M,2015-03-03,0.00563310
GBP-LIBOR-BBA,3M,2015-03-04,0.00563120
GBP-LIBOR-BBA,3M,2015-03-05,0.00563440
GBP-LIBOR-BBA,3M,2015-03-06,0.00564220
GBP-LIBOR-BBA,3M,2015-03-09,0.00563110
GBP-LIBOR-BBA,3M,2015-03-10,0.00561470
GBP-LIBOR-BBA,3M,2015-03-11,0.00560620
GBP-LIBOR-BBA,3M,2015-03-12,0.00560750
GBP-LIBOR-BBA,3M,2015-03-13,0.00561930
GBP-LIBOR-BBA,3M,2015-03-16,0.00564200
GBP-LIBOR-BBA,3M,2015-03-17,0.00563850
GBP-LIBOR-BBA,3M,2015-03-18,0.00564170
GBP-LIBOR-BBA,3M,2015-03-19,0.00565290
GBP-LIBOR-BBA,3M,2015-03-20,0.00565340
GBP-LIBOR-BBA,3M,2015-03-23,0.00563610
GBP-LIBOR-BBA,3M,2015-03-24,0.00564890
GBP-LIBOR-BBA,3M,2015-03-25,0.00564300
GBP-LIBOR-BBA,3M,2015-03-26,0.00567190
GBP-LIBOR-BBA,3M,2015-03-27,0.00569890
GBP-LIBOR-BBA,3M,2015-03-30,0.00569070
GBP-LIBOR-BBA,3M,2015-03-31,0.00570430
GBP-LIBOR-BBA,3M,2015-04-01,0.00569420
GBP-LIBOR-BBA,3M,2015-04-02,0.00569620
GBP-LIBOR-BBA,3M,2015-04-03,0.00569600
GBP-LIBOR-BBA,3M,2015-04-06,0.00568400
GBP-LIBOR-BBA,3M,2015-04-07,0.00569280
GBP-LIBOR-BBA,3M,2015-04-08,0.00569390
GBP-LIBOR-BBA,3M,2015-04-09,0.00568120
GBP-LIBOR-BBA,3M,2015-04-10,0.00569850
GBP-LIBOR-BBA,3M,2015-04-13,0.00569660
GBP-LIBOR-BBA,3M,2015-04-14,0.00571610
GBP-LIBOR-BBA,3M,2015-04-15,0.00572910
GBP-LIBOR-BBA,3M,2015-04-16,0.00569010
GBP-LIBOR-BBA,3M,2015-04-17,0.00568920
GBP-LIBOR-BBA,3M,2015-04-20,0.00568650
GBP-LIBOR-BBA,3M,2015-04-21,0.00566000
GBP-LIBOR-BBA,3M,2015-04-22,0.00566800
GBP-LIBOR-BBA,3M,2015-04-23,0.00570320
GBP-LIBOR-BBA,3M,2015-04-24,0.00570040
GBP-LIBOR-BBA,3M,2015-04-27,0.00570620
GBP-LIBOR-BBA,3M,2015-04-28,0.00573360
GBP-LIBOR-BBA,3M,2015-04-29,0.00568230
GBP-LIBOR-BBA,3M,2015-04-30,0.00569350
GBP-LIBOR-BBA,3M,2015-05-01,0.00566690
GBP-LIBOR-BBA,3M,2015-05-04,0.00567190
GBP-LIBOR-BBA,3M,2015-05-05,0.00567450
GBP-LIBOR-BBA,3M,2015-05-06,0.00568430
GBP-LIBOR-BBA,3M,2015-05-07,0.00568690
GBP-LIBOR-BBA,3M,2015-05-08,0.00566730
GBP-LIBOR-BBA,3M,2015-05-11,0.00568330
GBP-LIBOR-BBA,3M,2015-05-12,0.00566750
GBP-LIBOR-BBA,3M,2015-05-13,0.00568160
GBP-LIBOR-BBA,3M,2015-05-14,0.00565890
GBP-LIBOR-BBA,3M,2015-05-15,0.00566030
GBP-LIBOR-BBA,3M,2015-05-18,0.00566820
GBP-LIBOR-BBA,3M,2015-05-19,0.00566620
GBP-LIBOR-BBA,3M,2015-05-20,0.00566440
GBP-LIBOR-BBA,3M,2015-05-21,0.00567880
GBP-LIBOR-BBA,3M,2015-05-22,0.00570720
GBP-LIBOR-BBA,3M,2015-05-25,0.00570410
GBP-LIBOR-BBA,3M,2015-05-26,0.00570020
GBP-LIBOR-BBA,3M,2015-05-27,0.00566640
GBP-LIBOR-BBA,3M,2015-05-28,0.00571770
GBP-LIBOR-BBA,3M,2015-05-29,0.00566400
GBP-LIBOR-BBA,3M,2015-06-01,0.00567310
GBP-LIBOR-BBA,3M,2015-06-02,0.00567450
GBP-LIBOR-BBA,3M,2015-06-03,0.00569370
GBP-LIBOR-BBA,6M,2015-03-02,0.00683890
GBP-LIBOR-BBA,6M,2015-03-03,0.00683080
GBP-LIBOR-BBA,6M,2015-03-04,0.00684100
GBP-LIBOR-BBA,6M,2015-03-05,0.00685110
GBP-LIBOR-BBA,6M,2015-03-06,0.00685280
GBP-LIBOR-BBA,6M,2015-03-09,0.00685570
GBP-LIBOR-BBA,6M,2015-03-10,0.00685890
GBP-LIBOR-BBA,6M,2015-03-11,0.00684780
GBP-LIBOR-BBA,6M,2015-03-12,0.00686470
GBP-LIBOR-BBA,6M,2015-03-13,0.00686290
GBP-LIBOR-BBA,6M,2015-03-16,0.00684640
GBP-LIBOR-BBA,6M,2015-03-17,0.00687520
GBP-LIBOR-BBA,6M,2015-03-18,0.00682560
GBP-LIBOR-BBA,6M,2015-03-19,0.00683190
GBP-LIBOR-BBA,6M,2015-03-20,0.00682240
GBP-LIBOR-BBA,6M,2015-03-23,0.00679320
GBP-LIBOR-BBA,6M,2015-03-24,0.00676970
GBP-LIBOR-BBA,6M,2015-03-25,0.00677350
GBP-LIBOR-BBA,6M,2015-03-26,0.00680060
GBP-LIBOR-BBA,6M,2015-03-27,0.00681760
GBP-LIBOR-BBA,6M,2015-03-30,0.00684440
GBP-LIBOR-BBA,6M,2015-03-31,0.00684810
GBP-LIBOR-BBA,6M,2015-04-01,0.00684410
GBP-LIBOR-BBA,6M,2015-04-02,0.00682940
GBP-LIBOR-BBA,6M,2015-04-03,0.00683650
GBP-LIBOR-BBA,6M,2015-04-06,0.00684060
GBP-LIBOR-BBA,6M,2015-04-07,0.00683990
GBP-LIBOR-BBA,6M,2015-04-08,0.00682950
GBP-LIBOR-BBA,6M,2015-04-09,0.00681850
GBP-LIBOR-BBA,6M,2015-04-10,0.00684560
GBP-LIBOR-BBA,6M,2015-04-13,0.00685200
GBP-LIBOR-BBA,6M,2015-04-14,0.00690500
GBP-LIBOR-BBA,6M,2015-04-15,0.00693410
GBP-LIBOR-BBA,6M,2015-04-16,0.00690890
GBP-LIBOR-BBA,6M,2015-04-17,0.00689430
GBP-LIBOR-BBA,6M,2015-04-20,0.00693050
GBP-LIBOR-BBA,6M,2015-04-21,0.00693240
GBP-LIBOR-BBA,6M,2015-04-22,0.00695700
GBP-LIBOR-BBA,6M,2015-04-23,0.00701030
GBP-LIBOR-BBA,6M,2015-04-24,0.00699170
GBP-LIBOR-BBA,6M,2015-04-27,0.00698140
GBP-LIBOR-BBA,6M,2015-04-28,0.00697310
GBP-LIBOR-BBA,6M,2015-04-29,0.00699430
GBP-LIBOR-BBA,6M,2015-04-30,0.00701000
GBP-LIBOR-BBA,6M,2015-05-01,0.00701340
GBP-LIBOR-BBA,6M,2015-05-04,0.00701540
GBP-LIBOR-BBA,6M,2015-05-05,0.00699780
GBP-LIBOR-BBA,6M,2015-05-06,0.00701200
GBP-LIBOR-BBA,6M,2015-05-07,0.00701410
GBP-LIBOR-BBA,6M,2015-05-08,0.00702070
GBP-LIBOR-BBA,6M,2015-05-11,0.00702880
GBP-LIBOR-BBA,6M,2015-05-12,0.00705450
GBP-LIBOR-BBA,6M,2015-05-13,0.00702020
GBP-LIBOR-BBA,6M,2015-05-14,0.00701160
GBP-LIBOR-BBA,6M,2015-05-15,0.00706000
GBP-LIBOR-BBA,6M,2015-05-18,0.00707690
GBP-LIBOR-BBA,6M,2015-05-19,0.00708900
GBP-LIBOR-BBA,6M,2015-05-20,0.00709760
GBP-LIBOR-BBA,6M,2015-05-21,0.00710100
GBP-LIBOR-BBA,6M,2015-05-22,0.00711460
GBP-LIBOR-BBA,6M,2015-05-25,0.00712370
GBP-LIBOR-BBA,6M,2015-05-26,0.00710240
GBP-LIBOR-BBA,6M,2015-05-27,0.00709050
GBP-LIBOR-BBA,6M,2015-05-28,0.00709340
GBP-LIBOR-BBA,6M,2015-05-29,0.00708290
GBP-LIBOR-BBA,6M,2015-06-01,0.00708010
GBP-LIBOR-BBA,6M,2015-06-02,0.00709900
GBP-LIBOR-BBA,6M,2015-06-03,0.00712580
GBP-WMBA-SONIA-COMPOUND,,2015-03-02,0.00464590
GBP-WMBA-SONIA-COMPOUND,,2015-03-03,0.00460620
GBP-WMBA-SONIA-COMPOUND,,2015-03-04,0.00457810
GBP-WMBA-SONIA-COMPOUND,,2015-03-05,0.00463200
GBP-WMBA-SONIA-COMPOUND,,2015-03-06,0.00458550
GBP-WMBA-SONIA-COMPOUND,,2015-03-09,0.00461770
GBP-WMBA-SONIA-COMPOUND,,2015-03-10,0.00459430
GBP-WMBA-SONIA-COMPOUND,,2015-03-11,0.00455570
GBP-WMBA-SONIA-COMPOUND,,2015-03-12,0.00451910
GBP-WMBA-SONIA-COMPOUND,,2015-03-13,0.00453610
GBP-WMBA-SONIA-COMPOUND,,2015-03-16,0.00450400
GBP-WMBA-SONIA-COMPOUND,,2015-03-17,0.00452550
GBP-WMBA-SONIA-COMPOUND,,2015-03-18,0.00461370
GBP-WMBA-SONIA-COMPOUND,,2015-03-19,0.00457470
GBP-WMBA-SONIA-COMPOUND,,2015-03-20,0.00459970
GBP-WMBA-SONIA-COMPOUND,,2015-03-23,0.00461560
GBP-WMBA-SONIA-COMPOUND,,2015-03-24,0.00464410
GBP-WMBA-SONIA-COMPOUND,,2015-03-25,0.00458900
GBP-WMBA-SONIA-COMPOUND,,2015-03-26,0.00456210
GBP-WMBA-SONIA-COMPOUND,,2015-03-27,0.00463470
GBP-WMBA-SONIA-COMPOUND,,2015-03-30,0.00461450
GBP-WMBA-SONIA-COMPOUND,,2015-03-31,0.00421230
GBP-WMBA-SONIA-COMPOUND,,2015-04-01,0.00457290
GBP-WMBA-SONIA-COMPOUND,,2015-04-02,0.00456380
GBP-WMBA-SONIA-COMPOUND,,2015-04-03,0.00454550
GBP-WMBA-SONIA-COMPOUND,,2015-04-06,0.00455260
GBP-WMBA-SONIA-COMPOUND,,2015-04-07,0.00457080
GBP-WMBA-SONIA-COMPOUND,,2015-04-08,0.00453330
GBP-WMBA-SONIA-COMPOUND,,2015-04-09,0.00452320
GBP-WMBA-SONIA-COMPOUND,,2015-04-10,0.00454120
GBP-WMBA-SONIA-COMPOUND,,2015-04-13,0.00453110
GBP-WMBA-SONIA-COMPOUND,,2015-04-14,0.00457520
GBP-WMBA-SONIA-COMPOUND,,2015-04-15,0.00457670
GBP-WMBA-SONIA-COMPOUND,,2015-04-16,0.00460430
GBP-WMBA-SONIA-COMPOUND,,2015-04-17,0.00460980
GBP-WMBA-SONIA-COMPOUND,,2015-04-20,0.00454000
GBP-WMBA-SONIA-COMPOUND,,2015-04-21,0.00459910
GBP-WMBA-SONIA-COMPOUND,,2015-04-22,0.00459070
GBP-WMBA-SONIA-COMPOUND,,2015-04-23,0.00458940
GBP-WMBA-SONIA-COMPOUND,,2015-04-24,0.00460080
GBP-WMBA-SONIA-COMPOUND,,2015-04-27,0.00465240
GBP-WMBA-SONIA-COMPOUND,,2015-04-28,0.00456050
GBP-WMBA-SONIA-COMPOUND,,2015-04-29,0.00460790
GBP-WMBA-SONIA-COMPOUND,,2015-04-30,0.00452190
GBP-WMBA-SONIA-COMPOUND,,2015-05-01,0.00463140
GBP-WMBA-SONIA-COMPOUND,,2015-05-04,0.00462760
GBP-WMBA-SONIA-COMPOUND,,2015-05-05,0.00465300
GBP-WMBA-SONIA-COMPOUND,,2015-05-06,0.00462920
GBP-WMBA-SONIA-COMPOUND,,2015-05-07,0.00460760
GBP-WMBA-SONIA-COMPOUND,,2015-05-08,0.00462890
GBP-WMBA-SONIA-COMPOUND,,2015-05-11,0.00458460
GBP-WMBA-SONIA-COMPOUND,,2015-05-12,0.00460710
GBP-WMBA-SONIA-COMPOUND,,2015-05-13,0.00460780
GBP-WMBA-SONIA-COMPOUND,,2015-05-14,0.00460670
GBP-WMBA-SONIA-COMPOUND,,2015-05-15,0.00460550
GBP-WMBA-SONIA-COMPOUND,,2015-05-18,0.00461300
GBP-WMBA-SONIA-COMPOUND,,2015-05-19,0.00465120
GBP-WMBA-SONIA-COMPOUND,,2015-05-20,0.00466910
GBP-WMBA-SONIA-COMPOUND,,2015-05-21,0.00460050
GBP-WMBA-SONIA-COMPOUND,,2015-05-22,0.00470270
GBP-WMBA-SONIA-COMPOUND,,2015-05-25,0.00470660
GBP-WMBA-SONIA-COMPOUND,,2015-05-26,0.00463220
GBP-WMBA-SONIA-COMPOUND,,2015-05-27,0.00462000
GBP-WMBA-SONIA-COMPOUND,,2015-05-28,0.00464260
GBP-WMBA-SONIA-COMPOUND,,2015-05-29,0.00450180
GBP-WMBA-SONIA-COMPOUND,,2015-06-01,0.00460010
GBP-WMBA-SONIA-COMPOUND,,2015-06-02,0.00455770
GBP-WMBA-SONIA-COMPOUND,,2015-06-03,0.00461050
JPY-LIBOR-BBA,1M,2015-03-02,0.00070637
JPY-LIBOR-BBA,1M,2015-03-03,0.00070753
JPY-LIBOR-BBA,1M,2015-03-04,0.00070613
JPY-LIBOR-BBA,1M,2015-03-05,0.00070636
JPY-LIBOR-BBA,1M,2015-03-06,0.00070673
JPY-LIBOR-BBA,1M,2015-03-09,0.00070624
JPY-LIBOR-BBA,1M,2015-03-10,0.00070631
JPY-LIBOR-BBA,1M,2015-03-11,0.00070726
JPY-LIBOR-BBA,1M,2015-03-12,0.00070681
JPY-LIBOR-BBA,1M,2015-03-13,0.00070751
JPY-LIBOR-BBA,1M,2015-03-16,0.00070044
JPY-LIBOR-BBA,1M,2015-03-17,0.00071331
JPY-LIBOR-BBA,1M,2015-03-18,0.00070796
JPY-LIBOR-BBA,1M,2015-03-19,0.00070612
JPY-LIBOR-BBA,1M,2015-03-20,0.00070792
JPY-LIBOR-BBA,1M,2015-03-23,0.00070756
JPY-LIBOR-BBA,1M,2015-03-24,0.00070687
JPY-LIBOR-BBA,1M,2015-03-25,0.00070625
JPY-LIBOR-BBA,1M,2015-03-26,0.00070677
JPY-LIBOR-BBA,1M,2015-03-27,0.00069314
JPY-LIBOR-BBA,1M,2015-03-30,0.00069330
JPY-LIBOR-BBA,1M,2015-03-31,0.00072133
JPY-LIBOR-BBA,1M,2015-04-01,0.00070645
JPY-LIBOR-BBA,1M,2015-04-02,0.00073609
JPY-LIBOR-BBA,1M,2015-04-03,0.00073629
JPY-LIBOR-BBA,1M,2015-04-06,0.00073516
JPY-LIBOR-BBA,1M,2015-04-07,0.00069275
JPY-LIBOR-BBA,1M,2015-04-08,0.00069246
JPY-LIBOR-BBA,1M,2015-04-09,0.00070738
JPY-LIBOR-BBA,1M,2015-04-10,0.00067953
JPY-LIBOR-BBA,1M,2015-04-13,0.00069356
JPY-LIBOR-BBA,1M,2015-04-14,0.00067947
JPY-LIBOR-BBA,1M,2015-04-15,0.00067864
JPY-LIBOR-BBA,1M,2015-04-16,0.00070763
JPY-LIBOR-BBA,1M,2015-04-17,0.00067801
JPY-LIBOR-BBA,1M,2015-04-20,0.00067884
JPY-LIBOR-BBA,1M,2015-04-21,0.00073604
JPY-LIBOR-BBA,1M,2015-04-22,0.00070701
JPY-LIBOR-BBA,1M,2015-04-23,0.00070685
JPY-LIBOR-BBA,1M,2015-04-24,0.00070736
JPY-LIBOR-BBA,1M,2015-04-27,0.00070625
JPY-LIBOR-BBA,1M,2015-04-28,0.00072109
JPY-LIBOR-BBA,1M,2015-04-29,0.00073521
JPY-LIBOR-BBA,1M,2015-04-30,0.00072198
JPY-LIBOR-BBA,1M,2015-05-01,0.00069301
JPY-LIBOR-BBA,1M,2015-05-04,0.00069347
JPY-LIBOR-BBA,1M,2015-05-05,0.00071356
JPY-LIBOR-BBA,1M,2015-05-06,0.00069955
JPY-LIBOR-BBA,1M,2015-05-07,0.00071456
JPY-LIBOR-BBA,1M,2015-05-08,0.00070056
JPY-LIBOR-BBA,1M,2015-05-11,0.00068480
JPY-LIBOR-BBA,1M,2015-05-12,0.00071447
JPY-LIBOR-BBA,1M,2015-05-13,0.00071454
JPY-LIBOR-BBA,1M,2015-05-14,0.00067054
JPY-LIBOR-BBA,1M,2015-05-15,0.00068546
JPY-LIBOR-BBA,1M,2015-05-18,0.00067114
JPY-LIBOR-BBA,1M,2015-05-19,0.00065700
JPY-LIBOR-BBA,1M,2015-05-20,0.00067239
JPY-LIBOR-BBA,1M,2015-05-21,0.00071392
JPY-LIBOR-BBA,1M,2015-05-22,0.00070091
JPY-LIBOR-BBA,1M,2015-05-25,0.00069919
JPY-LIBOR-BBA,1M,2015-05-26,0.00066512
JPY-LIBOR-BBA,1M,2015-05-27,0.00067835
JPY-LIBOR-BBA,1M,2015-05-28,0.00066490
JPY-LIBOR-BBA,1M,2015-05-29,0.00063493
JPY-LIBOR-BBA,1M,2015-06-01,0.00062848
JPY-LIBOR-BBA,1M,2015-06-02,0.00064206
JPY-LIBOR-BBA,1M,2015-06-03,0.00059326
JPY-LIBOR-BBA,3M,2015-03-02,0.00095675
JPY-LIBOR-BBA,3M,2015-03-03,0.00095769
JPY-LIBOR-BBA,3M,2015-03-04,0.00094385
JPY-LIBOR-BBA,3M,2015-03-05,0.00094360
JPY-LIBOR-BBA,3M,2015-03-06,0.00094229
JPY-LIBOR-BBA,3M,2015-03-09,0.00094303
JPY-LIBOR-BBA,3M,2015-03-10,0.00094304
JPY-LIBOR-BBA,3M,2015-03-11,0.00094256
JPY-LIBOR-BBA,3M,2015-03-12,0.00097808
JPY-LIBOR-BBA,3M,2015-03-13,0.00097780
JPY-LIBOR-BBA,3M,2015-03-16,0.00099317
JPY-LIBOR-BBA,3M,2015-03-17,0.00099309
JPY-LIBOR-BBA,3M,2015-03-18,0.00100420
JPY-LIBOR-BBA,3M,2015-03-19,0.00098492
JPY-LIBOR-BBA,3M,2015-03-20,0.00098628
JPY-LIBOR-BBA,3M,2015-03-23,0.00095669
JPY-LIBOR-BBA,3M,2015-03-24,0.00097178
JPY-LIBOR-BBA,3M,2015-03-25,0.00094957
JPY-LIBOR-BBA,3M,2015-03-26,0.00094980
JPY-LIBOR-BBA,3M,2015-03-27,0.00095090
JPY-LIBOR-BBA,3M,2015-03-30,0.00097787
JPY-LIBOR-BBA,3M,2015-03-31,0.00101670
JPY-LIBOR-BBA,3M,2015-04-01,0.00099950
JPY-LIBOR-BBA,3M,2015-04-02,0.00101680
JPY-LIBOR-BBA,3M,2015-04-03,0.00100620
JPY-LIBOR-BBA,3M,2015-04-06,0.00100440
JPY-LIBOR-BBA,3M,2015-04-07,0.00100740
JPY-LIBOR-BBA,3M,2015-04-08,0.00094314
JPY-LIBOR-BBA,3M,2015-04-09,0.00094315
JPY-LIBOR-BBA,3M,2015-04-10,0.00094331
JPY-LIBOR-BBA,3M,2015-04-13,0.00094293
JPY-LIBOR-BBA,3M,2015-04-14,0.00094354
JPY-LIBOR-BBA,3M,2015-04-15,0.00094346
JPY-LIBOR-BBA,3M,2015-04-16,0.00094309
JPY-LIBOR-BBA,3M,2015-04-17,0.00094224
JPY-LIBOR-BBA,3M,2015-04-20,0.00094297
JPY-LIBOR-BBA,3M,2015-04-21,0.00094322
JPY-LIBOR-BBA,3M,2015-04-22,0.00094276
JPY-LIBOR-BBA,3M,2015-04-23,0.00094284
JPY-LIBOR-BBA,3M,2015-04-24,0.00094316
JPY-LIBOR-BBA,3M,2015-04-27,0.00094258
JPY-LIBOR-BBA,3M,2015-04-28,0.00094349
JPY-LIBOR-BBA,3M,2015-04-29,0.00094237
JPY-LIBOR-BBA,3M,2015-04-30,0.00094275
JPY-LIBOR-BBA,3M,2015-05-01,0.00096423
JPY-LIBOR-BBA,3M,2015-05-04,0.00096334
JPY-LIBOR-BBA,3M,2015-05-05,0.00099890
JPY-LIBOR-BBA,3M,2015-05-06,0.00099920
JPY-LIBOR-BBA,3M,2015-05-07,0.00099970
JPY-LIBOR-BBA,3M,2015-05-08,0.00101080
JPY-LIBOR-BBA,3M,2015-05-11,0.00101590
JPY-LIBOR-BBA,3M,2015-05-12,0.00100790
JPY-LIBOR-BBA,3M,2015-05-13,0.00099800
JPY-LIBOR-BBA,3M,2015-05-14,0.00099372
JPY-LIBOR-BBA,3M,2015-05-15,0.00097768
JPY-LIBOR-BBA,3M,2015-05-18,0.00097865
JPY-LIBOR-BBA,3M,2015-05-19,0.00099304
JPY-LIBOR-BBA,3M,2015-05-20,0.00097941
JPY-LIBOR-BBA,3M,2015-05-21,0.00101010
JPY-LIBOR-BBA,3M,2015-05-22,0.00099960
JPY-LIBOR-BBA,3M,2015-05-25,0.00101190
JPY-LIBOR-BBA,3M,2015-05-26,0.00099820
JPY-LIBOR-BBA,3M,2015-05-27,0.00097761
JPY-LIBOR-BBA,3M,2015-05-28,0.00100960
JPY-LIBOR-BBA,3M,2015-05-29,0.00096361
JPY-LIBOR-BBA,3M,2015-06-01,0.00096516
JPY-LIBOR-BBA,3M,2015-06-02,0.00095089
JPY-LIBOR-BBA,3M,2015-06-03,0.00094267
JPY-LIBOR-BBA,6M,2015-03-02,0.00136260
JPY-LIBOR-BBA,6M,2015-03-03,0.00135950
JPY-LIBOR-BBA,6M,2015-03-04,0.00135690
JPY-LIBOR-BBA,6M,2015-03-05,0.00135660
JPY-LIBOR-BBA,6M,2015-03-06,0.00134140
JPY-LIBOR-BBA,6M,2015-03-09,0.00135210
JPY-LIBOR-BBA,6M,2015-03-10,0.00134610
JPY-LIBOR-BBA,6M,2015-03-11,0.00137060
JPY-LIBOR-BBA,6M,2015-03-12,0.00136890
JPY-LIBOR-BBA,6M,2015-03-13,0.00136550
JPY-LIBOR-BBA,6M,2015-03-16,0.00137100
JPY-LIBOR-BBA,6M,2015-03-17,0.00138690
JPY-LIBOR-BBA,6M,2015-03-18,0.00140590
JPY-LIBOR-BBA,6M,2015-03-19,0.00140090
JPY-LIBOR-BBA,6M,2015-03-20,0.00141970
JPY-LIBOR-BBA,6M,2015-03-23,0.00140610
JPY-LIBOR-BBA,6M,2015-03-24,0.00142610
JPY-LIBOR-BBA,6M,2015-03-25,0.00142390
JPY-LIBOR-BBA,6M,2015-03-26,0.00141450
JPY-LIBOR-BBA,6M,2015-03-27,0.00138540
JPY-LIBOR-BBA,6M,2015-03-30,0.00140180
JPY-LIBOR-BBA,6M,2015-03-31,0.00140860
JPY-LIBOR-BBA,6M,2015-04-01,0.00138460
JPY-LIBOR-BBA,6M,2015-04-02,0.00138440
JPY-LIBOR-BBA,6M,2015-04-03,0.00139250
JPY-LIBOR-BBA,6M,2015-04-06,0.00138740
JPY-LIBOR-BBA,6M,2015-04-07,0.00135040
JPY-LIBOR-BBA,6M,2015-04-08,0.00137130
JPY-LIBOR-BBA,6M,2015-04-09,0.00138210
JPY-LIBOR-BBA,6M,2015-04-10,0.00138370
JPY-LIBOR-BBA,6M,2015-04-13,0.00136370
JPY-LIBOR-BBA,6M,2015-04-14,0.00136670
JPY-LIBOR-BBA,6M,2015-04-15,0.00139860
JPY-LIBOR-BBA,6M,2015-04-16,0.00139240
JPY-LIBOR-BBA,6M,2015-04-17,0.00138500
JPY-LIBOR-BBA,6M,2015-04-20,0.00137960
JPY-LIBOR-BBA,6M,2015-04-21,0.00140170
JPY-LIBOR-BBA,6M,2015-04-22,0.00138890
JPY-LIBOR-BBA,6M,2015-04-23,0.00138990
JPY-LIBOR-BBA,6M,2015-04-24,0.00139960
JPY-LIBOR-BBA,6M,2015-04-27,0.00138460
JPY-LIBOR-BBA,6M,2015-04-28,0.00137580
JPY-LIBOR-BBA,6M,2015-04-29,0.00138620
JPY-LIBOR-BBA,6M,2015-04-30,0.00139140
JPY-LIBOR-BBA,6M,2015-05-01,0.00138780
JPY-LIBOR-BBA,6M,2015-05-04,0.00137850
JPY-LIBOR-BBA,6M,2015-05-05,0.00140150
JPY-LIBOR-BBA,6M,2015-05-06,0.00138410
JPY-LIBOR-BBA,6M,2015-05-07,0.00137040
JPY-LIBOR-BBA,6M,2015-05-08,0.00138670
JPY-LIBOR-BBA,6M,2015-05-11,0.00138820
JPY-LIBOR-BBA,6M,2015-05-12,0.00139870
JPY-LIBOR-BBA,6M,2015-05-13,0.00137050
JPY-LIBOR-BBA,6M,2015-05-14,0.00135800
JPY-LIBOR-BBA,6M,2015-05-15,0.00134220
JPY-LIBOR-BBA,6M,2015-05-18,0.00135460
JPY-LIBOR-BBA,6M,2015-05-19,0.00135930
JPY-LIBOR-BBA,6M,2015-05-20,0.00135020
JPY-LIBOR-BBA,6M,2015-05-21,0.00139020
JPY-LIBOR-BBA,6M,2015-05-22,0.00138160
JPY-LIBOR-BBA,6M,2015-05-25,0.00138580
JPY-LIBOR-BBA,6M,2015-05-26,0.00140130
JPY-LIBOR-BBA,6M,2015-05-27,0.00137200
JPY-LIBOR-BBA,6M,2015-05-28,0.00138020
JPY-LIBOR-BBA,6M,2015-05-29,0.00134630
JPY-LIBOR-BBA,6M,2015-06-01,0.00135970
JPY-LIBOR-BBA,6M,2015-06-02,0.00135880
JPY-LIBOR-BBA,6M,2015-06-03,0.00135990
JPY-TONA-OIS-COMPOUND,,2015-03-02,0.00074929
JPY-TONA-OIS-COMPOUND,,2015-03-03,0.00074935
JPY-TONA-OIS-COMPOUND,,2015-03-04,0.00074940
JPY-TONA-OIS-COMPOUND,,2015-03-05,0.00080024
JPY-TONA-OIS-COMPOUND,,2015-03-06,0.00074954
JPY-TONA-OIS-COMPOUND,,2015-03-09,0.00075941
JPY-TONA-OIS-COMPOUND,,2015-03-10,0.00076097
JPY-TONA-OIS-COMPOUND,,2015-03-11,0.00082967
JPY-TONA-OIS-COMPOUND,,2015-03-12,0.00076071
JPY-TONA-OIS-COMPOUND,,2015-03-13,0.00074951
JPY-TONA-OIS-COMPOUND,,2015-03-16,0.00074920
JPY-TONA-OIS-COMPOUND,,2015-03-17,0.00075041
JPY-TONA-OIS-COMPOUND,,2015-03-18,0.00075063
JPY-TONA-OIS-COMPOUND,,2015-03-19,0.00071090
JPY-TONA-OIS-COMPOUND,,2015-03-20,0.00065952
JPY-TONA-OIS-COMPOUND,,2015-03-23,0.00064959
JPY-TONA-OIS-COMPOUND,,2015-03-24,0.00063986
JPY-TONA-OIS-COMPOUND,,2015-03-25,0.00065004
JPY-TONA-OIS-COMPOUND,,2015-03-26,0.00065024
JPY-TONA-OIS-COMPOUND,,2015-03-27,0.00066983
JPY-TONA-OIS-COMPOUND,,2015-03-30,0.00064088
JPY-TONA-OIS-COMPOUND,,2015-03-31,0.00064017
JPY-TONA-OIS-COMPOUND,,2015-04-01,0.00055986
JPY-TONA-OIS-COMPOUND,,2015-04-02,0.00057012
JPY-TONA-OIS-COMPOUND,,2015-04-03,0.00058094
JPY-TONA-OIS-COMPOUND,,2015-04-06,0.00057049
JPY-TONA-OIS-COMPOUND,,2015-04-07,0.00058087
JPY-TONA-OIS-COMPOUND,,2015-04-08,0.00058920
JPY-TONA-OIS-COMPOUND,,2015-04-09,0.00058927
JPY-TONA-OIS-COMPOUND,,2015-04-10,0.00061093
JPY-TONA-OIS-COMPOUND,,2015-04-13,0.00060049
JPY-TONA-OIS-COMPOUND,,2015-04-14,0.00059003
JPY-TONA-OIS-COMPOUND,,2015-04-15,0.00061079
JPY-TONA-OIS-COMPOUND,,2015-04-16,0.00065910
JPY-TONA-OIS-COMPOUND,,2015-04-17,0.00063081
JPY-TONA-OIS-COMPOUND,,2015-04-20,0.00061974
JPY-TONA-OIS-COMPOUND,,2015-04-21,0.00061903
JPY-TONA-OIS-COMPOUND,,2015-04-22,0.00061915
JPY-TONA-OIS-COMPOUND,,2015-04-23,0.00063089
JPY-TONA-OIS-COMPOUND,,2015-04-24,0.00065075
JPY-TONA-OIS-COMPOUND,,2015-04-27,0.00063936
JPY-TONA-OIS-COMPOUND,,2015-04-28,0.00063949
JPY-TONA-OIS-COMPOUND,,2015-04-29,0.00064016
JPY-TONA-OIS-COMPOUND,,2015-04-30,0.00062933
JPY-TONA-OIS-COMPOUND,,2015-05-01,0.00067971
JPY-TONA-OIS-COMPOUND,,2015-05-04,0.00068049
JPY-TONA-OIS-COMPOUND,,2015-05-05,0.00068001
JPY-TONA-OIS-COMPOUND,,2015-05-06,0.00068078
JPY-TONA-OIS-COMPOUND,,2015-05-07,0.00064958
JPY-TONA-OIS-COMPOUND,,2015-05-08,0.00068084
JPY-TONA-OIS-COMPOUND,,2015-05-11,0.00066944
JPY-TONA-OIS-COMPOUND,,2015-05-12,0.00066906
JPY-TONA-OIS-COMPOUND,,2015-05-13,0.00067937
JPY-TONA-OIS-COMPOUND,,2015-05-14,0.00068023
JPY-TONA-OIS-COMPOUND,,2015-05-15,0.00069940
JPY-TONA-OIS-COMPOUND,,2015-05-18,0.00068037
JPY-TONA-OIS-COMPOUND,,2015-05-19,0.00068927
JPY-TONA-OIS-COMPOUND,,2015-05-20,0.00069093
JPY-TONA-OIS-COMPOUND,,2015-05-21,0.00069965
JPY-TONA-OIS-COMPOUND,,2015-05-22,0.00072074
JPY-TONA-OIS-COMPOUND,,2015-05-25,0.00069033
JPY-TONA-OIS-COMPOUND,,2015-05-26,0.00071042
JPY-TONA-OIS-COMPOUND,,2015-05-27,0.00073949
JPY-TONA-OIS-COMPOUND,,2015-05-28,0.00071041
JPY-TONA-OIS-COMPOUND,,2015-05-29,0.00072939
JPY-TONA-OIS-COMPOUND,,2015-06-01,0.00072953
JPY-TONA-OIS-COMPOUND,,2015-06-02,0.00074987
JPY-TONA-OIS-COMPOUND,,2015-06-03,0.00073972
USD-Federal Funds-H.15-OIS-COMPOUND,,2015-03-02,0.00120490
USD-Federal Funds-H.15-OIS-COMPOUND,,2015-03-03,0.00119020
USD-Federal Funds-H.15-OIS-COMPOUND,,2015-03-04,0.00109060
USD-Federal Funds-H.15-OIS-COMPOUND,,2015-03-05,0.00110850
USD-Federal Funds-H.15-OIS-COMPOUND,,2015-03-06,0.00120260
USD-Federal Funds-H.15-OIS-COMPOUND,,2015-03-09,0.00120520
USD-Federal Funds-H.15-OIS-COMPOUND,,2015-03-10,0.00120520
USD-Federal Funds-H.15-OIS-COMPOUND,,2015-03-11,0.00110010
USD-Federal Funds-H.15-OIS-COMPOUND,,2015-03-12,0.00109650
USD-Federal Funds-H.15-OIS-COMPOUND,,2015-03-13,0.00109960
USD-Federal Funds-H.15-OIS-COMPOUND,,2015-03-16,0.00120830
USD-Federal Funds-H.15-OIS-COMPOUND,,2015-03-17,0.00120430
USD-Federal Funds-H.15-OIS-COMPOUND,,2015-03-18,0.00110580
USD-Federal Funds-H.15-OIS-COMPOUND,,2015-03-19,0.00119860
USD-Federal Funds-H.15-OIS-COMPOUND,,2015-03-20,0.00119930
USD-Federal Funds-H.15-OIS-COMPOUND,,2015-03-23,0.00119850
USD-Federal Funds-H.15-OIS-COMPOUND,,2015-03-24,0.00109230
USD-Federal Funds-H.15-OIS-COMPOUND,,2015-03-25,0.00120490
USD-Federal Funds-H.15-OIS-COMPOUND,,2015-03-26,0.00109330
USD-Federal Funds-H.15-OIS-COMPOUND,,2015-03-27,0.00120280
USD-Federal Funds-H.15-OIS-COMPOUND,,2015-03-30,0.00119670
USD-Federal Funds-H.15-OIS-COMPOUND,,2015-03-31,0.00060066
USD-Federal Funds-H.15-OIS-COMPOUND,,2015-04-01,0.00120630
USD-Federal Funds-H.15-OIS-COMPOUND,,2015-04-02,0.00120060
USD-Federal Funds-H.15-OIS-COMPOUND,,2015-04-03,0.00119140
USD-Federal Funds-H.15-OIS-COMPOUND,,2015-04-06,0.00130630
USD-Federal Funds-H.15-OIS-COMPOUND,,2015-04-07,0.00120500
USD-Federal Funds-H.15-OIS-COMPOUND,,2015-04-08,0.00120030
USD-Federal Funds-H.15-OIS-COMPOUND,,2015-04-09,0.00120560
USD-Federal Funds-H.15-OIS-COMPOUND,,2015-04-10,0.00120880
USD-Federal Funds-H.15-OIS-COMPOUND,,2015-04-13,0.00129350
USD-Federal Funds-H.15-OIS-COMPOUND,,2015-04-14,0.00130770
USD-Federal Funds-H.15-OIS-COMPOUND,,2015-04-15,0.00130770
USD-Federal Funds-H.15-OIS-COMPOUND,,2015-04-16,0.00130340
USD-Federal Funds-H.15-OIS-COMPOUND,,2015-04-17,0.00129620
USD-Federal Funds-H.15-OIS-COMPOUND,,2015-04-20,0.00130070
USD-Federal Funds-H.15-OIS-COMPOUND,,2015-04-21,0.00129180
USD-Federal Funds-H.15-OIS-COMPOUND,,2015-04-22,0.00130540
USD-Federal Funds-H.15-OIS-COMPOUND,,2015-04-23,0.00130090
USD-Federal Funds-H.15-OIS-COMPOUND,,2015-04-24,0.00130180
USD-Federal Funds-H.15-OIS-COMPOUND,,2015-04-27,0.00129750
USD-Federal Funds-H.15-OIS-COMPOUND,,2015-04-28,0.00130890
USD-Federal Funds-H.15-OIS-COMPOUND,,2015-04-29,0.00129700
USD-Federal Funds-H.15-OIS-COMPOUND,,2015-04-30,0.00079907
USD-Federal Funds-H.15-OIS-COMPOUND,,2015-05-01,0.00130260
USD-Federal Funds-H.15-OIS-COMPOUND,,2015-05-04,0.00130270
USD-Federal Funds-H.15-OIS-COMPOUND,,2015-05-05,0.00130780
USD-Federal Funds-H.15-OIS-COMPOUND,,2015-05-06,0.00130870
USD-Federal Funds-H.15-OIS-COMPOUND,,2015-05-07,0.00129370
USD-Federal Funds-H.15-OIS-COMPOUND,,2015-05-08,0.00129390
USD-Federal Funds-H.15-OIS-COMPOUND,,2015-05-11,0.00130150
USD-Federal Funds-H.15-OIS-COMPOUND,,2015-05-12,0.00130680
USD-Federal Funds-H.15-OIS-COMPOUND,,2015-05-13,0.00129020
USD-Federal Funds-H.15-OIS-COMPOUND,,2015-05-14,0.00129110
USD-Federal Funds-H.15-OIS-COMPOUND,,2015-05-15,0.00130190
USD-Federal Funds-H.15-OIS-COMPOUND,,2015-05-18,0.00129530
USD-Federal Funds-H.15-OIS-COMPOUND,,2015-05-19,0.00120560
USD-Federal Funds-H.15-OIS-COMPOUND,,2015-05-20,0.00119120
USD-Federal Funds-H.15-OIS-COMPOUND,,2015-05-21,0.00119560
USD-Federal Funds-H.15-OIS-COMPOUND,,2015-05-22,0.00120960
USD-Federal Funds-H.15-OIS-COMPOUND,,2015-05-25,0.00130810
USD-Federal Funds-H.15-OIS-COMPOUND,,2015-05-26,0.00119060
USD-Federal Funds-H.15-OIS-COMPOUND,,2015-05-27,0.00119440
USD-Federal Funds-H.15-OIS-COMPOUND,,2015-05-28,0.00119880
USD-Federal Funds-H.15-OIS-COMPOUND,,2015-05-29,0.00080075
USD-Federal Funds-H.15-OIS-COMPOUND,,2015-06-01,0.00119760
USD-Federal Funds-H.15-OIS-COMPOUND,,2015-06-02,0.00119730
USD-Federal Funds-H.15-OIS-COMPOUND,,2015-06-03,0.00130250
USD-LIBOR-BBA,12M,2015-03-02,0.00682180
USD-LIBOR-BBA,12M,2015-03-03,0.00687270
USD-LIBOR-BBA,12M,2015-03-04,0.00688280
USD-LIBOR-BBA,12M,2015-03-05,0.00689240
USD-LIBOR-BBA,12M,2015-03-06,0.00687110
USD-LIBOR-BBA,12M,2015-03-09,0.00710530
USD-LIBOR-BBA,12M,2015-03-10,0.00710450
USD-LIBOR-BBA,12M,2015-03-11,0.00715790
USD-LIBOR-BBA,12M,2015-03-12,0.00712980
USD-LIBOR-BBA,12M,2015-03-13,0.00714020
USD-LIBOR-BBA,12M,2015-03-16,0.00713130
USD-LIBOR-BBA,12M,2015-03-17,0.00713610
USD-LIBOR-BBA,12M,2015-03-18,0.00714830
USD-LIBOR-BBA,12M,2015-03-19,0.00685980
USD-LIBOR-BBA,12M,2015-03-20,0.00697680
USD-LIBOR-BBA,12M,2015-03-23,0.00690320
USD-LIBOR-BBA,12M,2015-03-24,0.00691630
USD-LIBOR-BBA,12M,2015-03-25,0.00696580
USD-LIBOR-BBA,12M,2015-03-26,0.00699400
USD-LIBOR-BBA,12M,2015-03-27,0.00701540
USD-LIBOR-BBA,12M,2015-03-30,0.00698030
USD-LIBOR-BBA,12M,2015-03-31,0.00694400
USD-LIBOR-BBA,12M,2015-04-01,0.00697810
USD-LIBOR-BBA,12M,2015-04-02,0.00691580
USD-LIBOR-BBA,12M,2015-04-03,0.00692740
USD-LIBOR-BBA,12M,2015-04-06,0.00692490
USD-LIBOR-BBA,12M,2015-04-07,0.00685160
USD-LIBOR-BBA,12M,2015-04-08,0.00689250
USD-LIBOR-BBA,12M,2015-04-09,0.00694590
USD-LIBOR-BBA,12M,2015-04-10,0.00699070
USD-LIBOR-BBA,12M,2015-04-13,0.00703530
USD-LIBOR-BBA,12M,2015-04-14,0.00700220
USD-LIBOR-BBA,12M,2015-04-15,0.00693150
USD-LIBOR-BBA,12M,2015-04-16,0.00691440
USD-LIBOR-BBA,12M,2015-04-17,0.00684450
USD-LIBOR-BBA,12M,2015-04-20,0.00694690
USD-LIBOR-BBA,12M,2015-04-21,0.00700360
USD-LIBOR-BBA,12M,2015-04-22,0.00698370
USD-LIBOR-BBA,12M,2015-04-23,0.00707160
USD-LIBOR-BBA,12M,2015-04-24,0.00706250
USD-LIBOR-BBA,12M,2015-04-27,0.00701680
USD-LIBOR-BBA,12M,2015-04-28,0.00695850
USD-LIBOR-BBA,12M,2015-04-29,0.00698650
USD-LIBOR-BBA,12M,2015-04-30,0.00706110
USD-LIBOR-BBA,12M,2015-05-01,0.00717620
USD-LIBOR-BBA,12M,2015-05-04,0.00716940
USD-LIBOR-BBA,12M,2015-05-05,0.00720980
USD-LIBOR-BBA,12M,2015-05-06,0.00735020
USD-LIBOR-BBA,12M,2015-05-07,0.00735980
USD-LIBOR-BBA,12M,2015-05-08,0.00733150
USD-LIBOR-BBA,12M,2015-05-11,0.00724540
USD-LIBOR-BBA,12M,2015-05-12,0.00733850
USD-LIBOR-BBA,12M,2015-05-13,0.00730680
USD-LIBOR-BBA,12M,2015-05-14,0.00722790
USD-LIBOR-BBA,12M,2015-05-15,0.00722460
USD-LIBOR-BBA,12M,2015-05-18,0.00724250
USD-LIBOR-BBA,12M,2015-05-19,0.00726660
USD-LIBOR-BBA,12M,2015-05-20,0.00739320
USD-LIBOR-BBA,12M,2015-05-21,0.00739200
USD-LIBOR-BBA,12M,2015-05-22,0.00737890
USD-LIBOR-BBA,12M,2015-05-25,0.00736620
USD-LIBOR-BBA,12M,2015-05-26,0.00756420
USD-LIBOR-BBA,12M,2015-05-27,0.00751640
USD-LIBOR-BBA,12M,2015-05-28,0.00753630
USD-LIBOR-BBA,12M,2015-05-29,0.00750390
USD-LIBOR-BBA,12M,2015-06-01,0.00747320
USD-LIBOR-BBA,12M,2015-06-02,0.00750860
USD-LIBOR-BBA,12M,2015-06-03,0.00745540
USD-LIBOR-BBA,1M,2015-03-02,0.00172440
USD-LIBOR-BBA,1M,2015-03-03,0.00173790
USD-LIBOR-BBA,1M,2015-03-04,0.00175860
USD-LIBOR-BBA,1M,2015-03-05,0.00175270
USD-LIBOR-BBA,1M,2015-03-06,0.00174170
USD-LIBOR-BBA,1M,2015-03-09,0.00175860
USD-LIBOR-BBA,1M,2015-03-10,0.00177210
USD-LIBOR-BBA,1M,2015-03-11,0.00176210
USD-LIBOR-BBA,1M,2015-03-12,0.00175130
USD-LIBOR-BBA,1M,2015-03-13,0.00175870
USD-LIBOR-BBA,1M,2015-03-16,0.00176530
USD-LIBOR-BBA,1M,2015-03-17,0.00177360
USD-LIBOR-BBA,1M,2015-03-18,0.00175200
USD-LIBOR-BBA,1M,2015-03-19,0.00174060
USD-LIBOR-BBA,1M,2015-03-20,0.00173250
USD-LIBOR-BBA,1M,2015-03-23,0.00173960
USD-LIBOR-BBA,1M,2015-03-24,0.00173620
USD-LIBOR-BBA,1M,2015-03-25,0.00176380
USD-LIBOR-BBA,1M,2015-03-26,0.00177970
USD-LIBOR-BBA,1M,2015-03-27,0.00178670
USD-LIBOR-BBA,1M,2015-03-30,0.00178770
USD-LIBOR-BBA,1M,2015-03-31,0.00175260
USD-LIBOR-BBA,1M,2015-04-01,0.00177990
USD-LIBOR-BBA,1M,2015-04-02,0.00179020
USD-LIBOR-BBA,1M,2015-04-03,0.00179660
USD-LIBOR-BBA,1M,2015-04-06,0.00180530
USD-LIBOR-BBA,1M,2015-04-07,0.00180770
USD-LIBOR-BBA,1M,2015-04-08,0.00181870
USD-LIBOR-BBA,1M,2015-04-09,0.00179240
USD-LIBOR-BBA,1M,2015-04-10,0.00178380
USD-LIBOR-BBA,1M,2015-04-13,0.00181800
USD-LIBOR-BBA,1M,2015-04-14,0.00182230
USD-LIBOR-BBA,1M,2015-04-15,0.00180120
USD-LIBOR-BBA,1M,2015-04-16,0.00181430
USD-LIBOR-BBA,1M,2015-04-17,0.00180720
USD-LIBOR-BBA,1M,2015-04-20,0.00180970
USD-LIBOR-BBA,1M,2015-04-21,0.00181260
USD-LIBOR-BBA,1M,2015-04-22,0.00180810
USD-LIBOR-BBA,1M,2015-04-23,0.00182030
USD-LIBOR-BBA,1M,2015-04-24,0.00181830
USD-LIBOR-BBA,1M,2015-04-27,0.00181590
USD-LIBOR-BBA,1M,2015-04-28,0.00184540
USD-LIBOR-BBA,1M,2015-04-29,0.00180080
USD-LIBOR-BBA,1M,2015-04-30,0.00180590
USD-LIBOR-BBA,1M,2015-05-01,0.00181310
USD-LIBOR-BBA,1M,2015-05-04,0.00181420
USD-LIBOR-BBA,1M,2015-05-05,0.00181330
USD-LIBOR-BBA,1M,2015-05-06,0.00180730
USD-LIBOR-BBA,1M,2015-05-07,0.00181260
USD-LIBOR-BBA,1M,2015-05-08,0.00184250
USD-LIBOR-BBA,1M,2015-05-11,0.00184900
USD-LIBOR-BBA,1M,2015-05-12,0.00184650
USD-LIBOR-BBA,1M,2015-05-13,0.00184960
USD-LIBOR-BBA,1M,2015-05-14,0.00184190
USD-LIBOR-BBA,1M,2015-05-15,0.00185910
USD-LIBOR-BBA,1M,2015-05-18,0.00184240
USD-LIBOR-BBA,1M,2015-05-19,0.00187090
USD-LIBOR-BBA,1M,2015-05-20,0.00185570
USD-LIBOR-BBA,1M,2015-05-21,0.00183800
USD-LIBOR-BBA,1M,2015-05-22,0.00184080
USD-LIBOR-BBA,1M,2015-05-25,0.00183990
USD-LIBOR-BBA,1M,2015-05-26,0.00186690
USD-LIBOR-BBA,1M,2015-05-27,0.00185930
USD-LIBOR-BBA,1M,2015-05-28,0.00184590
USD-LIBOR-BBA,1M,2015-05-29,0.00183860
USD-LIBOR-BBA,1M,2015-06-01,0.00183840
USD-LIBOR-BBA,1M,2015-06-02,0.00185610
USD-LIBOR-BBA,1M,2015-06-03,0.00185160
USD-LIBOR-BBA,1W,2015-03-02,0.00135600
USD-LIBOR-BBA,1W,2015-03-03,0.00137980
USD-LIBOR-BBA,1W,2015-03-04,0.00139320
USD-LIBOR-BBA,1W,2015-03-05,0.00138210
USD-LIBOR-BBA,1W,2015-03-06,0.00139040
USD-LIBOR-BBA,1W,2015-03-09,0.00137880
USD-LIBOR-BBA,1W,2015-03-10,0.00139280
USD-LIBOR-BBA,1W,2015-03-11,0.00138450
USD-LIBOR-BBA,1W,2015-03-12,0.00138570
USD-LIBOR-BBA,1W,2015-03-13,0.00139430
USD-LIBOR-BBA,1W,2015-03-16,0.00140810
USD-LIBOR-BBA,1W,2015-03-17,0.00141020
USD-LIBOR-BBA,1W,2015-03-18,0.00140880
USD-LIBOR-BBA,1W,2015-03-19,0.00142980
USD-LIBOR-BBA,1W,2015-03-20,0.00141920
USD-LIBOR-BBA,1W,2015-03-23,0.00142940
USD-LIBOR-BBA,1W,2015-03-24,0.00140390
USD-LIBOR-BBA,1W,2015-03-25,0.00140740
USD-LIBOR-BBA,1W,2015-03-26,0.00141370
USD-LIBOR-BBA,1W,2015-03-27,0.00142340
USD-LIBOR-BBA,1W,2015-03-30,0.00143740
USD-LIBOR-BBA,1W,2015-03-31,0.00140500
USD-LIBOR-BBA,1W,2015-04-01,0.00143420
USD-LIBOR-BBA,1W,2015-04-02,0.00143410
USD-LIBOR-BBA,1W,2015-04-03,0.00144510
USD-LIBOR-BBA,1W,2015-04-06,0.00143120
USD-LIBOR-BBA,1W,2015-04-07,0.00142050
USD-LIBOR-BBA,1W,2015-04-08,0.00141050
USD-LIBOR-BBA,1W,2015-04-09,0.00145590
USD-LIBOR-BBA,1W,2015-04-10,0.00146070
USD-LIBOR-BBA,1W,2015-04-13,0.00146840
USD-LIBOR-BBA,1W,2015-04-14,0.00147550
USD-LIBOR-BBA,1W,2015-04-15,0.00142780
USD-LIBOR-BBA,1W,2015-04-16,0.00146600
USD-LIBOR-BBA,1W,2015-04-17,0.00147960
USD-LIBOR-BBA,1W,2015-04-20,0.00147410
USD-LIBOR-BBA,1W,2015-04-21,0.00149850
USD-LIBOR-BBA,1W,2015-04-22,0.00147200
USD-LIBOR-BBA,1W,2015-04-23,0.00145940
USD-LIBOR-BBA,1W,2015-04-24,0.00144730
USD-LIBOR-BBA,1W,2015-04-27,0.00146160
USD-LIBOR-BBA,1W,2015-04-28,0.00149850
USD-LIBOR-BBA,1W,2015-04-29,0.00147720
USD-LIBOR-BBA,1W,2015-04-30,0.00150140
USD-LIBOR-BBA,1W,2015-05-01,0.00147490
USD-LIBOR-BBA,1W,2015-05-04,0.00147360
USD-LIBOR-BBA,1W,2015-05-05,0.00149310
USD-LIBOR-BBA,1W,2015-05-06,0.00145080
USD-LIBOR-BBA,1W,2015-05-07,0.00148770
USD-LIBOR-BBA,1W,2015-05-08,0.00148220
USD-LIBOR-BBA,1W,2015-05-11,0.00149220
USD-LIBOR-BBA,1W,2015-05-12,0.00148810
USD-LIBOR-BBA,1W,2015-05-13,0.00145110
USD-LIBOR-BBA,1W,2015-05-14,0.00147510
USD-LIBOR-BBA,1W,2015-05-15,0.00149540
USD-LIBOR-BBA,1W,2015-05-18,0.00147890
USD-LIBOR-BBA,1W,2015-05-19,0.00148290
USD-LIBOR-BBA,1W,2015-05-20,0.00146570
USD-LIBOR-BBA,1W,2015-05-21,0.00148480
USD-LIBOR-BBA,1W,2015-05-22,0.00147590
USD-LIBOR-BBA,1W,2015-05-25,0.00146820
USD-LIBOR-BBA,1W,2015-05-26,0.00148200
USD-LIBOR-BBA,1W,2015-05-27,0.00146160
USD-LIBOR-BBA,1W,2015-05-28,0.00149600
USD-LIBOR-BBA,1W,2015-05-29,0.00149340
USD-LIBOR-BBA,1W,2015-06-01,0.00146600
USD-LIBOR-BBA,1W,2015-06-02,0.00146430
USD-LIBOR-BBA,1W,2015-06-03,0.00143760
USD-LIBOR-BBA,2M,2015-03-02,0.00214330
USD-LIBOR-BBA,2M,2015-03-03,0.00215170
USD-LIBOR-BBA,2M,2015-03-04,0.00213930
USD-LIBOR-BBA,2M,2015-03-05,0.00214820
USD-LIBOR-BBA,2M,2015-03-06,0.00217070
USD-LIBOR-BBA,2M,2015-03-09,0.00216470
USD-LIBOR-BBA,2M,2015-03-10,0.00217760
USD-LIBOR-BBA,2M,2015-03-11,0.00219140
USD-LIBOR-BBA,2M,2015-03-12,0.00219310
USD-LIBOR-BBA,2M,2015-03-13,0.00220220
USD-LIBOR-BBA,2M,2015-03-16,0.00220890
USD-LIBOR-BBA,2M,2015-03-17,0.00223880
USD-LIBOR-BBA,2M,2015-03-18,0.00220240
USD-LIBOR-BBA,2M,2015-03-19,0.00217980
USD-LIBOR-BBA,2M,2015-03-20,0.00220710
USD-LIBOR-BBA,2M,2015-03-23,0.00222290
USD-LIBOR-BBA,2M,2015-03-24,0.00220570
USD-LIBOR-BBA,2M,2015-03-25,0.00222380
USD-LIBOR-BBA,2M,2015-03-26,0.00220690
USD-LIBOR-BBA,2M,2015-03-27,0.00223900
USD-LIBOR-BBA,2M,2015-03-30,0.00222720
USD-LIBOR-BBA,2M,2015-03-31,0.00221380
USD-LIBOR-BBA,2M,2015-04-01,0.00223060
USD-LIBOR-BBA,2M,2015-04-02,0.00221250
USD-LIBOR-BBA,2M,2015-04-03,0.00221200
USD-LIBOR-BBA,2M,2015-04-06,0.00221470
USD-LIBOR-BBA,2M,2015-04-07,0.00223360
USD-LIBOR-BBA,2M,2015-04-08,0.00225790
USD-LIBOR-BBA,2M,2015-04-09,0.00228510
USD-LIBOR-BBA,2M,2015-04-10,0.00228490
USD-LIBOR-BBA,2M,2015-04-13,0.00227130
USD-LIBOR-BBA,2M,2015-04-14,0.00227680
USD-LIBOR-BBA,2M,2015-04-15,0.00226130
USD-LIBOR-BBA,2M,2015-04-16,0.00225260
USD-LIBOR-BBA,2M,2015-04-17,0.00229050
USD-LIBOR-BBA,2M,2015-04-20,0.00227340
USD-LIBOR-BBA,2M,2015-04-21,0.00229820
USD-LIBOR-BBA,2M,2015-04-22,0.00230610
USD-LIBOR-BBA,2M,2015-04-23,0.00230500
USD-LIBOR-BBA,2M,2015-04-24,0.00233020
USD-LIBOR-BBA,2M,2015-04-27,0.00232730
USD-LIBOR-BBA,2M,2015-04-28,0.00231850
USD-LIBOR-BBA,2M,2015-04-29,0.00231850
USD-LIBOR-BBA,2M,2015-04-30,0.00232010
USD-LIBOR-BBA,2M,2015-05-01,0.00233130
USD-LIBOR-BBA,2M,2015-05-04,0.00233590
USD-LIBOR-BBA,2M,2015-05-05,0.00228870
USD-LIBOR-BBA,2M,2015-05-06,0.00227460
USD-LIBOR-BBA,2M,2015-05-07,0.00228090
USD-LIBOR-BBA,2M,2015-05-08,0.00228870
USD-LIBOR-BBA,2M,2015-05-11,0.00227510
USD-LIBOR-BBA,2M,2015-05-12,0.00225970
USD-LIBOR-BBA,2M,2015-05-13,0.00223700
USD-LIBOR-BBA,2M,2015-05-14,0.00224130
USD-LIBOR-BBA,2M,2015-05-15,0.00225680
USD-LIBOR-BBA,2M,2015-05-18,0.00226220
USD-LIBOR-BBA,2M,2015-05-19,0.00232790
USD-LIBOR-BBA,2M,2015-05-20,0.00232520
USD-LIBOR-BBA,2M,2015-05-21,0.00230190
USD-LIBOR-BBA,2M,2015-05-22,0.00232030
USD-LIBOR-BBA,2M,2015-05-25,0.00232110
USD-LIBOR-BBA,2M,2015-05-26,0.00235010
USD-LIBOR-BBA,2M,2015-05-27,0.00230040
USD-LIBOR-BBA,2M,2015-05-28,0.00233300
USD-LIBOR-BBA,2M,2015-05-29,0.00237590
USD-LIBOR-BBA,2M,2015-06-01,0.00236240
USD-LIBOR-BBA,2M,2015-06-02,0.00235000
USD-LIBOR-BBA,2M,2015-06-03,0.00235640
USD-LIBOR-BBA,3M,2015-03-02,0.00261070
USD-LIBOR-BBA,3M,2015-03-03,0.00265390
USD-LIBOR-BBA,3M,2015-03-04,0.00263190
USD-LIBOR-BBA,3M,2015-03-05,0.00262690
USD-LIBOR-BBA,3M,2015-03-06,0.00264810
USD-LIBOR-BBA,3M,2015-03-09,0.00267100
USD-LIBOR-BBA,3M,2015-03-10,0.00268290
USD-LIBOR-BBA,3M,2015-03-11,0.00269770
USD-LIBOR-BBA,3M,2015-03-12,0.00270470
USD-LIBOR-BBA,3M,2015-03-13,0.00269800
USD-LIBOR-BBA,3M,2015-03-16,0.00270180
USD-LIBOR-BBA,3M,2015-03-17,0.00268510
USD-LIBOR-BBA,3M,2015-03-18,0.00269500
USD-LIBOR-BBA,3M,2015-03-19,0.00264440
USD-LIBOR-BBA,3M,2015-03-20,0.00267180
USD-LIBOR-BBA,3M,2015-03-23,0.00267700
USD-LIBOR-BBA,3M,2015-03-24,0.00269520
USD-LIBOR-BBA,3M,2015-03-25,0.00268200
USD-LIBOR-BBA,3M,2015-03-26,0.00272950
USD-LIBOR-BBA,3M,2015-03-27,0.00275770
USD-LIBOR-BBA,3M,2015-03-30,0.00273900
USD-LIBOR-BBA,3M,2015-03-31,0.00271600
USD-LIBOR-BBA,3M,2015-04-01,0.00270100
USD-LIBOR-BBA,3M,2015-04-02,0.00273630
USD-LIBOR-BBA,3M,2015-04-03,0.00274690
USD-LIBOR-BBA,3M,2015-04-06,0.00274680
USD-LIBOR-BBA,3M,2015-04-07,0.00273270
USD-LIBOR-BBA,3M,2015-04-08,0.00271420
USD-LIBOR-BBA,3M,2015-04-09,0.00275910
USD-LIBOR-BBA,3M,2015-04-10,0.00277150
USD-LIBOR-BBA,3M,2015-04-13,0.00275410
USD-LIBOR-BBA,3M,2015-04-14,0.00275140
USD-LIBOR-BBA,3M,2015-04-15,0.00274630
USD-LIBOR-BBA,3M,2015-04-16,0.00274340
USD-LIBOR-BBA,3M,2015-04-17,0.00276240
USD-LIBOR-BBA,3M,2015-04-20,0.00276330
USD-LIBOR-BBA,3M,2015-04-21,0.00276410
USD-LIBOR-BBA,3M,2015-04-22,0.00277050
USD-LIBOR-BBA,3M,2015-04-23,0.00277010
USD-LIBOR-BBA,3M,2015-04-24,0.00279650
USD-LIBOR-BBA,3M,2015-04-27,0.00278700
USD-LIBOR-BBA,3M,2015-04-28,0.00279090
USD-LIBOR-BBA,3M,2015-04-29,0.00277610
USD-LIBOR-BBA,3M,2015-04-30,0.00278470
USD-LIBOR-BBA,3M,2015-05-01,0.00280720
USD-LIBOR-BBA,3M,2015-05-04,0.00279240
USD-LIBOR-BBA,3M,2015-05-05,0.00275400
USD-LIBOR-BBA,3M,2015-05-06,0.00275700
USD-LIBOR-BBA,3M,2015-05-07,0.00279240
USD-LIBOR-BBA,3M,2015-05-08,0.00280180
USD-LIBOR-BBA,3M,2015-05-11,0.00277300
USD-LIBOR-BBA,3M,2015-05-12,0.00274270
USD-LIBOR-BBA,3M,2015-05-13,0.00273060
USD-LIBOR-BBA,3M,2015-05-14,0.00275870
USD-LIBOR-BBA,3M,2015-05-15,0.00275870
USD-LIBOR-BBA,3M,2015-05-18,0.00275680
USD-LIBOR-BBA,3M,2015-05-19,0.00280550
USD-LIBOR-BBA,3M,2015-05-20,0.00284370
USD-LIBOR-BBA,3M,2015-05-21,0.00281270
USD-LIBOR-BBA,3M,2015-05-22,0.00285210
USD-LIBOR-BBA,3M,2015-05-25,0.00283600
USD-LIBOR-BBA,3M,2015-05-26,0.00286550
USD-LIBOR-BBA,3M,2015-05-27,0.00283390
USD-LIBOR-BBA,3M,2015-05-28,0.00283260
USD-LIBOR-BBA,3M,2015-05-29,0.00283070
USD-LIBOR-BBA,3M,2015-06-01,0.00282560
USD-LIBOR-BBA,3M,2015-06-02,0.00278940
USD-LIBOR-BBA,3M,2015-06-03,0.00278340
USD-LIBOR-BBA,6M,2015-03-02,0.00384300
USD-LIBOR-BBA,6M,2015-03-03,0.00387360
USD-LIBOR-BBA,6M,2015-03-04,0.00395680
USD-LIBOR-BBA,6M,2015-03-05,0.00396980
USD-LIBOR-BBA,6M,2015-03-06,0.00397140
USD-LIBOR-BBA,6M,2015-03-09,0.00403420
USD-LIBOR-BBA,6M,2015-03-10,0.00404860
USD-LIBOR-BBA,6M,2015-03-11,0.00401620
USD-LIBOR-BBA,6M,2015-03-12,0.00402550
USD-LIBOR-BBA,6M,2015-03-13,0.00402990
USD-LIBOR-BBA,6M,2015-03-16,0.00401760
USD-LIBOR-BBA,6M,2015-03-17,0.00406520
USD-LIBOR-BBA,6M,2015-03-18,0.00408550
USD-LIBOR-BBA,6M,2015-03-19,0.00393180
USD-LIBOR-BBA,6M,2015-03-20,0.00396680
USD-LIBOR-BBA,6M,2015-03-23,0.00394360
USD-LIBOR-BBA,6M,2015-03-24,0.00399000
USD-LIBOR-BBA,6M,2015-03-25,0.00398290
USD-LIBOR-BBA,6M,2015-03-26,0.00401570
USD-LIBOR-BBA,6M,2015-03-27,0.00404540
USD-LIBOR-BBA,6M,2015-03-30,0.00401670
USD-LIBOR-BBA,6M,2015-03-31,0.00399940
USD-LIBOR-BBA,6M,2015-04-01,0.00404140
USD-LIBOR-BBA,6M,2015-04-02,0.00400490
USD-LIBOR-BBA,6M,2015-04-03,0.00400640
USD-LIBOR-BBA,6M,2015-04-06,0.00401320
USD-LIBOR-BBA,6M,2015-04-07,0.00398630
USD-LIBOR-BBA,6M,2015-04-08,0.00399270
USD-LIBOR-BBA,6M,2015-04-09,0.00403190
USD-LIBOR-BBA,6M,2015-04-10,0.00405390
USD-LIBOR-BBA,6M,2015-04-13,0.00405640
USD-LIBOR-BBA,6M,2015-04-14,0.00405410
USD-LIBOR-BBA,6M,2015-04-15,0.00400770
USD-LIBOR-BBA,6M,2015-04-16,0.00403480
USD-LIBOR-BBA,6M,2015-04-17,0.00402810
USD-LIBOR-BBA,6M,2015-04-20,0.00406220
USD-LIBOR-BBA,6M,2015-04-21,0.00405350
USD-LIBOR-BBA,6M,2015-04-22,0.00404750
USD-LIBOR-BBA,6M,2015-04-23,0.00408820
USD-LIBOR-BBA,6M,2015-04-24,0.00409290
USD-LIBOR-BBA,6M,2015-04-27,0.00407840
USD-LIBOR-BBA,6M,2015-04-28,0.00406050
USD-LIBOR-BBA,6M,2015-04-29,0.00408380
USD-LIBOR-BBA,6M,2015-04-30,0.00408590
USD-LIBOR-BBA,6M,2015-05-01,0.00410370
USD-LIBOR-BBA,6M,2015-05-04,0.00410030
USD-LIBOR-BBA,6M,2015-05-05,0.00413690
USD-LIBOR-BBA,6M,2015-05-06,0.00416220
USD-LIBOR-BBA,6M,2015-05-07,0.00415200
USD-LIBOR-BBA,6M,2015-05-08,0.00415050
USD-LIBOR-BBA,6M,2015-05-11,0.00413530
USD-LIBOR-BBA,6M,2015-05-12,0.00413880
USD-LIBOR-BBA,6M,2015-05-13,0.00414330
USD-LIBOR-BBA,6M,2015-05-14,0.00412410
USD-LIBOR-BBA,6M,2015-05-15,0.00412730
USD-LIBOR-BBA,6M,2015-05-18,0.00415240
USD-LIBOR-BBA,6M,2015-05-19,0.00416290
USD-LIBOR-BBA,6M,2015-05-20,0.00416020
USD-LIBOR-BBA,6M,2015-05-21,0.00417190
USD-LIBOR-BBA,6M,2015-05-22,0.00418620
USD-LIBOR-BBA,6M,2015-05-25,0.00419150
USD-LIBOR-BBA,6M,2015-05-26,0.00424800
USD-LIBOR-BBA,6M,2015-05-27,0.00423960
USD-LIBOR-BBA,6M,2015-05-28,0.00422870
USD-LIBOR-BBA,6M,2015-05-29,0.00423850
USD-LIBOR-BBA,6M,2015-06-01,0.00423250
USD-LIBOR-BBA,6M,2015-06-02,0.00422230
USD-LIBOR-BBA,6M,2015-06-03,0.00419530
